user_id,user_pw,user_name,user_phone,user_profile_img,user_role,joined_at
gimyejun@naver.com,test12341234,장춘자,010-1409-5506,/img/img1.png,member,2024-02-18 00:00:00
coedoyun@daum.net,test12341234,조영호,010-4657-3286,/img/img1.png,member,2024-03-19 00:00:00
lgim@naver.com,test12341234,권민지,010-9935-2424,/img/img1.png,member,2024-11-04 00:00:00
ji@hanmail.net,test12341234,김동현,010-7912-1520,/img/img1.png,member,2024-10-17 00:00:00
sumin07@naver.com,test12341234,이유진,010-2535-4582,/img/img1.png,member,2024-02-12 00:00:00
seoyeong10@daum.net,test12341234,민지혜,010-9279-1434,/img/img1.png,member,2024-03-23 00:00:00
ihyeonu@hanmail.net,test12341234,김상훈,010-4257-9928,/img/img1.png,member,2024-02-27 00:00:00
gangseongho@kakao.com,test12341234,이현준,010-4611-8359,/img/img1.png,member,2024-03-30 00:00:00
yeongsunhong@hanmail.net,test12341234,송영순,010-5557-1106,/img/img1.png,member,2024-03-23 00:00:00
gimhayun@daum.net,test12341234,박중수,010-7924-6574,/img/img1.png,member,2024-04-26 00:00:00
igim@gmail.com,test12341234,이은경,010-3547-4527,/img/img1.png,member,2024-10-10 00:00:00
ii@gmail.com,test12341234,김민석,010-2674-2519,/img/img1.png,member,2024-07-04 00:00:00
eunyeongi@kakao.com,test12341234,지영진,010-2584-6881,/img/img1.png,member,2024-05-23 00:00:00
jangsangho@gmail.com,test12341234,윤민석,010-5333-1711,/img/img1.png,member,2024-10-12 00:00:00
agim@kakao.com,test12341234,우지연,010-9785-3045,/img/img1.png,member,2024-11-30 00:00:00
munjaeho@kakao.com,test12341234,김지연,010-2291-5803,/img/img1.png,member,2024-07-10 00:00:00
coemyeongsug@hanmail.net,test12341234,민준서,010-6925-4150,/img/img1.png,member,2024-12-20 00:00:00
minsuyang@naver.com,test12341234,송현지,010-1750-4733,/img/img1.png,member,2024-01-28 00:00:00
seojunbag@gmail.com,test12341234,문승현,010-2307-4814,/img/img1.png,member,2024-02-28 00:00:00
caeweongweon@naver.com,test12341234,이정숙,010-7227-5554,/img/img1.png,member,2024-03-13 00:00:00
jinho87@kakao.com,test12341234,이영환,010-6977-3664,/img/img1.png,member,2024-03-31 00:00:00
seohyeongim@gmail.com,test12341234,김경수,010-6820-4432,/img/img1.png,member,2024-08-27 00:00:00
minjae34@gmail.com,test12341234,김진우,010-2169-3803,/img/img1.png,member,2024-07-01 00:00:00
egim@hanmail.net,test12341234,윤성현,010-5010-3677,/img/img1.png,member,2024-03-08 00:00:00
ubag@kakao.com,test12341234,윤명숙,010-7216-5422,/img/img1.png,member,2024-09-12 00:00:00
eunjeong13@hanmail.net,test12341234,김보람,010-4598-6313,/img/img1.png,member,2024-03-08 00:00:00
egim@naver.com,test12341234,최명숙,010-4752-1525,/img/img1.png,member,2024-11-03 00:00:00
jucaeweon@gmail.com,test12341234,박준호,010-7572-5386,/img/img1.png,member,2024-02-28 00:00:00
gimgeonu@naver.com,test12341234,안수빈,010-4456-6155,/img/img1.png,member,2024-04-06 00:00:00
sgim@daum.net,test12341234,정지아,010-9179-7482,/img/img1.png,member,2024-01-17 00:00:00
gimgyeongja@kakao.com,test12341234,박준혁,010-3340-5339,/img/img1.png,member,2024-02-25 00:00:00
coeyeongsug@daum.net,test12341234,손상호,010-5040-9830,/img/img1.png,member,2024-05-30 00:00:00
gangjihu@gmail.com,test12341234,심서영,010-8019-7543,/img/img1.png,member,2024-08-01 00:00:00
yeongil62@gmail.com,test12341234,이정훈,010-4593-3266,/img/img1.png,member,2024-09-01 00:00:00
gimsujin@hanmail.net,test12341234,양춘자,010-9085-2489,/img/img1.png,member,2024-02-02 00:00:00
ujin78@naver.com,test12341234,민은지,010-2796-3504,/img/img1.png,member,2024-04-21 00:00:00
jangboram@daum.net,test12341234,김미영,010-7916-2040,/img/img1.png,member,2024-02-04 00:00:00
seoseongjin@kakao.com,test12341234,이정수,010-7252-8668,/img/img1.png,member,2024-08-16 00:00:00
migyeong40@hanmail.net,test12341234,이건우,010-5119-1188,/img/img1.png,member,2024-08-28 00:00:00
sunogi@naver.com,test12341234,이경숙,010-9797-5371,/img/img1.png,member,2024-06-14 00:00:00
noyeongja@gmail.com,test12341234,이영철,010-2827-5808,/img/img1.png,member,2024-07-24 00:00:00
tgim@kakao.com,test12341234,우경희,010-3591-8433,/img/img1.png,member,2024-12-09 00:00:00
yeonggil31@naver.com,test12341234,양현지,010-5315-9201,/img/img1.png,member,2024-10-23 00:00:00
caeweongim@daum.net,test12341234,양경자,010-9317-2743,/img/img1.png,member,2024-10-31 00:00:00
eunseo63@gmail.com,test12341234,김채원,010-9317-4258,/img/img1.png,member,2024-02-25 00:00:00
dgim@daum.net,test12341234,문서윤,010-7126-3646,/img/img1.png,member,2024-04-22 00:00:00
junhoi@hanmail.net,test12341234,윤승민,010-9689-1009,/img/img1.png,member,2024-10-21 00:00:00
cunja14@hanmail.net,test12341234,이미영,010-6310-9005,/img/img1.png,member,2024-08-07 00:00:00
yi@naver.com,test12341234,박영숙,010-2832-6947,/img/img1.png,member,2024-06-12 00:00:00
yeongceolo@gmail.com,test12341234,박정희,010-4923-1949,/img/img1.png,member,2024-07-14 00:00:00
juweongim@daum.net,test12341234,이준혁,010-2290-2403,/img/img1.png,member,2024-12-17 00:00:00
migyeong65@kakao.com,test12341234,김승현,010-2133-9727,/img/img1.png,member,2024-09-21 00:00:00
ljang@daum.net,test12341234,최건우,010-3103-8787,/img/img1.png,member,2024-08-03 00:00:00
yeonggil99@hanmail.net,test12341234,박상철,010-3705-5342,/img/img1.png,member,2024-04-29 00:00:00
yan@hanmail.net,test12341234,김현정,010-7932-4470,/img/img1.png,member,2024-02-29 00:00:00
yeongsuggim@hanmail.net,test12341234,김영수,010-4295-6107,/img/img1.png,member,2024-02-21 00:00:00
bagjiu@kakao.com,test12341234,이영숙,010-7118-8177,/img/img1.png,member,2024-03-10 00:00:00
areumgim@hanmail.net,test12341234,김진호,010-8397-2982,/img/img1.png,member,2024-10-23 00:00:00
pgim@daum.net,test12341234,박영진,010-4681-2049,/img/img1.png,member,2024-06-20 00:00:00
hayun79@gmail.com,test12341234,류유진,010-1344-4770,/img/img1.png,member,2024-12-06 00:00:00
ogsunbag@hanmail.net,test12341234,윤정훈,010-4608-1117,/img/img1.png,member,2024-10-12 00:00:00
rgang@naver.com,test12341234,김순옥,010-1964-4750,/img/img1.png,member,2024-01-25 00:00:00
gimyeongsig@naver.com,test12341234,김영순,010-1514-6413,/img/img1.png,member,2024-02-23 00:00:00
ni@naver.com,test12341234,최정자,010-9423-4899,/img/img1.png,member,2024-05-25 00:00:00
wbag@gmail.com,test12341234,손준영,010-8953-4510,/img/img1.png,member,2024-10-13 00:00:00
myeongsugi@hanmail.net,test12341234,장주원,010-3167-8744,/img/img1.png,member,2024-01-06 00:00:00
jeongjaheo@daum.net,test12341234,이영호,010-8749-7669,/img/img1.png,member,2024-07-20 00:00:00
gimjihun@daum.net,test12341234,이상철,010-2545-2588,/img/img1.png,member,2024-03-05 00:00:00
jeongung64@kakao.com,test12341234,박지아,010-6804-7939,/img/img1.png,member,2024-04-01 00:00:00
eomjeonghun@kakao.com,test12341234,윤지연,010-8651-1887,/img/img1.png,member,2024-01-21 00:00:00
siugim@naver.com,test12341234,장영호,010-1993-7596,/img/img1.png,member,2024-03-27 00:00:00
gyeongsuggim@gmail.com,test12341234,차정희,010-2790-5073,/img/img1.png,member,2024-02-29 00:00:00
hyeonsuggim@daum.net,test12341234,장진호,010-4116-9786,/img/img1.png,member,2024-12-20 00:00:00
mno@kakao.com,test12341234,강미숙,010-3296-7912,/img/img1.png,member,2024-08-11 00:00:00
jeonghyi91@daum.net,test12341234,박정남,010-5563-8579,/img/img1.png,member,2024-10-24 00:00:00
bagjeongho@daum.net,test12341234,이성호,010-2235-8260,/img/img1.png,member,2024-11-09 00:00:00
bo@hanmail.net,test12341234,윤은정,010-2604-1828,/img/img1.png,member,2024-10-05 00:00:00
ubag@hanmail.net,test12341234,박정훈,010-1241-2528,/img/img1.png,member,2024-04-08 00:00:00
fi@daum.net,test12341234,이상훈,010-3724-7658,/img/img1.png,member,2024-03-05 00:00:00
jiyeong48@kakao.com,test12341234,김정희,010-8886-4502,/img/img1.png,member,2024-07-13 00:00:00
pcoe@kakao.com,test12341234,박지우,010-1960-3697,/img/img1.png,member,2024-06-27 00:00:00
ijunho@kakao.com,test12341234,엄영철,010-1035-7396,/img/img1.png,member,2024-04-22 00:00:00
yeweon44@gmail.com,test12341234,권서연,010-8454-5673,/img/img1.png,member,2024-03-24 00:00:00
ogsuni@kakao.com,test12341234,이미숙,010-8973-3536,/img/img1.png,member,2024-10-16 00:00:00
jaehyeoni@daum.net,test12341234,김경희,010-5861-4566,/img/img1.png,member,2023-12-31 00:00:00
coeyeonghyi@naver.com,test12341234,박채원,010-9883-1998,/img/img1.png,member,2024-08-29 00:00:00
gyeongsug75@gmail.com,test12341234,문민석,010-1936-1821,/img/img1.png,member,2024-01-14 00:00:00
iminjae@hanmail.net,test12341234,김영호,010-8811-9238,/img/img1.png,member,2024-09-17 00:00:00
byeongceol31@hanmail.net,test12341234,최우진,010-3579-1931,/img/img1.png,member,2024-10-17 00:00:00
cbag@hanmail.net,test12341234,이윤서,010-2312-4044,/img/img1.png,member,2024-11-24 00:00:00
gangogsun@naver.com,test12341234,장민재,010-2113-4853,/img/img1.png,member,2024-08-24 00:00:00
minjigim@kakao.com,test12341234,박경희,010-2964-5033,/img/img1.png,member,2024-06-17 00:00:00
yeweon71@hanmail.net,test12341234,안은정,010-1651-2343,/img/img1.png,member,2024-03-25 00:00:00
jihunjeong@kakao.com,test12341234,류명자,010-9565-6183,/img/img1.png,member,2024-02-21 00:00:00
eunyeongcoe@gmail.com,test12341234,김정수,010-4346-6147,/img/img1.png,member,2024-12-17 00:00:00
gno@daum.net,test12341234,최중수,010-5351-7484,/img/img1.png,member,2024-07-04 00:00:00
sumin01@daum.net,test12341234,최현정,010-5915-8491,/img/img1.png,member,2024-09-12 00:00:00
seoyeong27@gmail.com,test12341234,송현우,010-2188-1152,/img/img1.png,member,2024-09-04 00:00:00
vi@kakao.com,test12341234,장승민,010-2638-2200,/img/img1.png,member,2024-09-11 00:00:00
bagjeongsu@hanmail.net,test12341234,이옥순,010-4492-9288,/img/img1.png,member,2024-02-09 00:00:00
yunminseo@gmail.com,test12341234,권서영,010-3170-6718,/img/img1.png,member,2024-01-16 00:00:00
caeweoni@naver.com,test12341234,우우진,010-5002-7054,/img/img1.png,member,2024-07-01 00:00:00
yeweoni@gmail.com,test12341234,김준혁,010-3584-8179,/img/img1.png,member,2024-07-27 00:00:00
bagsanghun@hanmail.net,test12341234,이정자,010-5956-9666,/img/img1.png,member,2024-07-06 00:00:00
ejeon@naver.com,test12341234,이하은,010-5905-2697,/img/img1.png,member,2024-06-20 00:00:00
jiai@daum.net,test12341234,박지은,010-5333-2891,/img/img1.png,member,2024-05-05 00:00:00
yeji99@naver.com,test12341234,박예지,010-3546-5462,/img/img1.png,member,2024-07-03 00:00:00
minji86@gmail.com,test12341234,김정식,010-4450-6617,/img/img1.png,member,2024-12-22 00:00:00
xgim@daum.net,test12341234,박지훈,010-5325-9280,/img/img1.png,member,2024-01-11 00:00:00
qi@kakao.com,test12341234,김영일,010-5114-1832,/img/img1.png,member,2024-02-23 00:00:00
jiyeon71@naver.com,test12341234,오승민,010-7939-5533,/img/img1.png,member,2024-12-13 00:00:00
minjunhwang@naver.com,test12341234,이미경,010-1058-6464,/img/img1.png,member,2024-05-05 00:00:00
jimin86@daum.net,test12341234,권채원,010-5291-3647,/img/img1.png,member,2024-08-25 00:00:00
gangyeongil@kakao.com,test12341234,권정자,010-8007-1158,/img/img1.png,member,2024-12-17 00:00:00
bagyeongja@naver.com,test12341234,김성호,010-2232-3442,/img/img1.png,member,2024-01-12 00:00:00
hgim@hanmail.net,test12341234,이정순,010-1590-7049,/img/img1.png,member,2024-08-01 00:00:00
jbaeg@hanmail.net,test12341234,박정숙,010-3426-8041,/img/img1.png,member,2024-06-22 00:00:00
rbae@daum.net,test12341234,노현준,010-1685-6050,/img/img1.png,member,2024-02-25 00:00:00
sunog64@gmail.com,test12341234,엄준혁,010-1653-6862,/img/img1.png,member,2024-11-18 00:00:00
gimseoyeong@daum.net,test12341234,이현지,010-5088-2684,/img/img1.png,member,2024-04-18 00:00:00
ki@gmail.com,test12341234,김은영,010-7658-3532,/img/img1.png,member,2024-10-23 00:00:00
sjeon@daum.net,test12341234,김서연,010-3662-3900,/img/img1.png,member,2024-08-17 00:00:00
yeongsun21@kakao.com,test12341234,안경수,010-1406-3938,/img/img1.png,member,2024-09-02 00:00:00
yejin14@gmail.com,test12341234,김주원,010-7745-5065,/img/img1.png,member,2024-10-11 00:00:00
mijeong42@gmail.com,test12341234,박지원,010-3608-2771,/img/img1.png,member,2024-12-14 00:00:00
eunju71@kakao.com,test12341234,고지민,010-1634-8711,/img/img1.png,member,2024-10-13 00:00:00
zju@daum.net,test12341234,이정호,010-4269-8541,/img/img1.png,member,2024-05-16 00:00:00
seoyun51@gmail.com,test12341234,강진우,010-6000-4728,/img/img1.png,member,2024-03-25 00:00:00
jihyeon31@daum.net,test12341234,한재호,010-1387-4164,/img/img1.png,member,2024-11-09 00:00:00
gimhayun@kakao.com,test12341234,김영철,010-6378-5564,/img/img1.png,member,2024-07-04 00:00:00
qbag@naver.com,test12341234,이지아,010-5573-6753,/img/img1.png,member,2024-09-21 00:00:00
jiuyun@hanmail.net,test12341234,곽경수,010-7548-9785,/img/img1.png,member,2024-08-21 00:00:00
yeongsu73@gmail.com,test12341234,이하윤,010-1452-2889,/img/img1.png,member,2024-02-02 00:00:00
minsu43@gmail.com,test12341234,김서영,010-3925-5349,/img/img1.png,member,2024-11-19 00:00:00
gimjeongung@naver.com,test12341234,김준호,010-2776-8119,/img/img1.png,member,2024-10-26 00:00:00
eungyeong90@gmail.com,test12341234,민유진,010-6139-8149,/img/img1.png,member,2024-11-23 00:00:00
sanghomun@hanmail.net,test12341234,안영환,010-9379-2894,/img/img1.png,member,2023-12-31 00:00:00
gimminseog@kakao.com,test12341234,신예은,010-4114-5173,/img/img1.png,member,2024-06-06 00:00:00
misug17@naver.com,test12341234,김지영,010-8144-1027,/img/img1.png,member,2024-03-21 00:00:00
hyeonjun00@hanmail.net,test12341234,임영식,010-9821-4228,/img/img1.png,member,2024-11-19 00:00:00
fgim@gmail.com,test12341234,김우진,010-8066-2146,/img/img1.png,member,2024-08-18 00:00:00
junyeong98@gmail.com,test12341234,이지우,010-6143-3041,/img/img1.png,member,2024-06-19 00:00:00
gosunja@gmail.com,test12341234,이춘자,010-9308-6067,/img/img1.png,member,2024-09-30 00:00:00
di@kakao.com,test12341234,이숙자,010-6344-7592,/img/img1.png,member,2024-06-04 00:00:00
junseo27@gmail.com,test12341234,김미숙,010-3085-4143,/img/img1.png,member,2024-01-30 00:00:00
eunji80@kakao.com,test12341234,장영순,010-7211-3851,/img/img1.png,member,2024-07-31 00:00:00
umun@hanmail.net,test12341234,윤상현,010-5930-7653,/img/img1.png,member,2024-04-15 00:00:00
iboram@hanmail.net,test12341234,김시우,010-1006-5978,/img/img1.png,member,2024-10-17 00:00:00
gangareum@gmail.com,test12341234,이보람,010-4443-8043,/img/img1.png,member,2024-04-07 00:00:00
seoyeoni@hanmail.net,test12341234,김지아,010-6279-8618,/img/img1.png,member,2024-10-08 00:00:00
junseobag@kakao.com,test12341234,이진우,010-8244-4501,/img/img1.png,member,2024-05-17 00:00:00
yangseongjin@hanmail.net,test12341234,박서준,010-8752-3780,/img/img1.png,member,2024-01-14 00:00:00
isangho@naver.com,test12341234,박숙자,010-5649-9445,/img/img1.png,member,2024-09-14 00:00:00
junhyeogjo@hanmail.net,test12341234,김민수,010-6491-2530,/img/img1.png,member,2024-03-14 00:00:00
jaehyeon10@daum.net,test12341234,김영진,010-6085-4680,/img/img1.png,member,2024-10-11 00:00:00
myeongjajeon@daum.net,test12341234,서시우,010-3414-1400,/img/img1.png,member,2024-01-22 00:00:00
uheo@naver.com,test12341234,오영자,010-5011-8784,/img/img1.png,member,2024-06-09 00:00:00
ihyeonsug@hanmail.net,test12341234,박정순,010-2193-8461,/img/img1.png,member,2024-11-01 00:00:00
byeongceol13@kakao.com,test12341234,강영진,010-4185-7291,/img/img1.png,member,2024-08-10 00:00:00
jieuni@kakao.com,test12341234,김민재,010-7547-4997,/img/img1.png,member,2024-11-08 00:00:00
gimeungyeong@daum.net,test12341234,권예원,010-1090-2746,/img/img1.png,member,2024-06-23 00:00:00
jia52@kakao.com,test12341234,강주원,010-4585-3881,/img/img1.png,member,2024-01-21 00:00:00
xgim@kakao.com,test12341234,구미경,010-1822-5082,/img/img1.png,member,2024-01-24 00:00:00
jbag@naver.com,test12341234,백영환,010-8478-3184,/img/img1.png,member,2024-12-07 00:00:00
jeongsubag@kakao.com,test12341234,송준영,010-9702-6198,/img/img1.png,member,2024-01-19 00:00:00
bagseongho@kakao.com,test12341234,이서준,010-9270-7991,/img/img1.png,member,2024-09-25 00:00:00
rhwang@hanmail.net,test12341234,윤명자,010-8305-3607,/img/img1.png,member,2024-01-15 00:00:00
coejunyeong@kakao.com,test12341234,차은영,010-8373-5246,/img/img1.png,member,2024-10-02 00:00:00
jeongungcoe@daum.net,test12341234,주정식,010-5543-9540,/img/img1.png,member,2024-12-16 00:00:00
boram52@daum.net,test12341234,서정순,010-5499-8206,/img/img1.png,member,2024-09-23 00:00:00
yunjihun@naver.com,test12341234,김상철,010-5681-4841,/img/img1.png,member,2024-01-02 00:00:00
ieunyeong@gmail.com,test12341234,서옥자,010-6238-9849,/img/img1.png,member,2024-10-20 00:00:00
jiyeong92@naver.com,test12341234,배정희,010-3267-3471,/img/img1.png,member,2024-05-20 00:00:00
iyeongsug@daum.net,test12341234,권지영,010-7275-3503,/img/img1.png,member,2024-06-15 00:00:00
mijeongi@daum.net,test12341234,이현정,010-2052-7797,/img/img1.png,member,2024-12-11 00:00:00
sbag@kakao.com,test12341234,주지은,010-6421-9890,/img/img1.png,member,2024-07-08 00:00:00
jiyeongim@kakao.com,test12341234,심정식,010-7812-2020,/img/img1.png,member,2024-11-29 00:00:00
iyunseo@daum.net,test12341234,김영희,010-7883-7381,/img/img1.png,member,2024-06-17 00:00:00
eunjison@hanmail.net,test12341234,박상호,010-1320-7232,/img/img1.png,member,2024-06-04 00:00:00
idoyun@kakao.com,test12341234,이민서,010-1096-6763,/img/img1.png,member,2024-11-15 00:00:00
ijeongsun@gmail.com,test12341234,한영길,010-7389-7865,/img/img1.png,member,2024-11-12 00:00:00
baeggwangsu@hanmail.net,test12341234,노우진,010-9947-4613,/img/img1.png,member,2024-11-14 00:00:00
sgim@kakao.com,test12341234,김재현,010-4595-5471,/img/img1.png,member,2024-04-20 00:00:00
fgim@kakao.com,test12341234,이우진,010-8956-1475,/img/img1.png,member,2024-07-21 00:00:00
seoyeonggim@kakao.com,test12341234,안예진,010-6507-7624,/img/img1.png,member,2024-01-28 00:00:00
igyeongsug@daum.net,test12341234,김경자,010-8657-3091,/img/img1.png,member,2024-05-24 00:00:00
iyejin@hanmail.net,test12341234,서순옥,010-9751-1441,/img/img1.png,member,2024-02-04 00:00:00
ijeongung@kakao.com,test12341234,임현지,010-1444-2375,/img/img1.png,member,2024-03-02 00:00:00
zgang@kakao.com,test12341234,노경희,010-3223-8564,/img/img1.png,member,2024-01-19 00:00:00
donghyeongim@daum.net,test12341234,박혜진,010-1823-5262,/img/img1.png,member,2024-04-26 00:00:00
wgim@kakao.com,test12341234,문광수,010-6363-4467,/img/img1.png,member,2024-03-09 00:00:00
yejun56@kakao.com,test12341234,성성진,010-6355-6529,/img/img1.png,member,2024-10-09 00:00:00
myeongjabag@kakao.com,test12341234,서미경,010-5558-7906,/img/img1.png,member,2024-04-07 00:00:00
minjii@gmail.com,test12341234,이은영,010-2341-8705,/img/img1.png,member,2024-05-01 00:00:00
cgim@naver.com,test12341234,문성현,010-9837-1853,/img/img1.png,member,2024-06-16 00:00:00
yi@gmail.com,test12341234,장영희,010-4673-2124,/img/img1.png,member,2024-01-24 00:00:00
minjaehwang@naver.com,test12341234,최예준,010-1508-5051,/img/img1.png,member,2024-05-14 00:00:00
xha@daum.net,test12341234,이진호,010-1333-3496,/img/img1.png,member,2024-10-17 00:00:00
seomyeongja@daum.net,test12341234,이선영,010-3068-8758,/img/img1.png,member,2024-12-14 00:00:00
ngim@naver.com,test12341234,박미영,010-4571-8619,/img/img1.png,member,2024-09-20 00:00:00
bagjiweon@gmail.com,test12341234,주혜진,010-7043-3749,/img/img1.png,member,2024-01-29 00:00:00
yeweon88@hanmail.net,test12341234,김아름,010-2876-3683,/img/img1.png,member,2024-12-06 00:00:00
sanghungim@gmail.com,test12341234,김윤서,010-2771-1420,/img/img1.png,member,2024-03-26 00:00:00
gyeongsug82@gmail.com,test12341234,박지연,010-7149-7498,/img/img1.png,member,2024-12-03 00:00:00
gimjeongsu@daum.net,test12341234,박민수,010-2245-4978,/img/img1.png,member,2024-06-17 00:00:00
yunseogim@naver.com,test12341234,류옥순,010-5941-2983,/img/img1.png,member,2024-12-13 00:00:00
seonghyeon53@hanmail.net,test12341234,홍선영,010-1672-6688,/img/img1.png,member,2024-07-14 00:00:00
seojun49@hanmail.net,test12341234,윤정웅,010-8018-7071,/img/img1.png,member,2024-01-31 00:00:00
jeongja90@naver.com,test12341234,윤영환,010-9289-6590,/img/img1.png,member,2024-01-26 00:00:00
yunseoi@naver.com,test12341234,강성민,010-7882-9031,/img/img1.png,member,2024-01-06 00:00:00
gyeonghyi64@naver.com,test12341234,김영자,010-8102-6934,/img/img1.png,member,2024-01-23 00:00:00
mgim@kakao.com,test12341234,이혜진,010-3506-8135,/img/img1.png,member,2024-04-25 00:00:00
hyeonju25@daum.net,test12341234,김광수,010-9548-5425,/img/img1.png,member,2024-07-31 00:00:00
amun@hanmail.net,test12341234,송현숙,010-9817-8921,/img/img1.png,member,2024-11-26 00:00:00
seungmin27@kakao.com,test12341234,이경수,010-8136-5397,/img/img1.png,member,2024-06-24 00:00:00
pbag@gmail.com,test12341234,김영식,010-5022-2419,/img/img1.png,member,2024-08-08 00:00:00
ai@gmail.com,test12341234,이수빈,010-8385-4995,/img/img1.png,member,2024-06-10 00:00:00
wbag@kakao.com,test12341234,강은영,010-7209-6511,/img/img1.png,member,2024-04-12 00:00:00
hyeonjeongi@naver.com,test12341234,이영수,010-9098-6325,/img/img1.png,member,2024-07-29 00:00:00
ggim@daum.net,test12341234,홍은서,010-8988-4475,/img/img1.png,member,2024-05-01 00:00:00
to@gmail.com,test12341234,이민석,010-5232-6576,/img/img1.png,member,2024-11-06 00:00:00
ycoe@gmail.com,test12341234,김예은,010-5526-1166,/img/img1.png,member,2024-11-28 00:00:00
yejicoe@hanmail.net,test12341234,강지현,010-4130-2402,/img/img1.png,member,2024-07-16 00:00:00
jeongsuggim@daum.net,test12341234,김성수,010-7658-9004,/img/img1.png,member,2024-09-23 00:00:00
jungsugim@hanmail.net,test12341234,박지혜,010-4937-8800,/img/img1.png,member,2024-10-21 00:00:00
hanmisug@kakao.com,test12341234,박영미,010-8342-1282,/img/img1.png,member,2024-04-30 00:00:00
hyeonjunbag@naver.com,test12341234,문정순,010-5820-4630,/img/img1.png,member,2024-05-11 00:00:00
sumin33@kakao.com,test12341234,한정순,010-4986-6016,/img/img1.png,member,2024-07-29 00:00:00
wi@hanmail.net,test12341234,오수빈,010-7046-8753,/img/img1.png,member,2024-12-22 00:00:00
zbae@hanmail.net,test12341234,이영희,010-9698-6632,/img/img1.png,member,2024-10-21 00:00:00
ogja33@kakao.com,test12341234,한미정,010-6419-6764,/img/img1.png,member,2024-04-09 00:00:00
yeongjinjang@kakao.com,test12341234,최진우,010-5438-6023,/img/img1.png,member,2024-03-22 00:00:00
eyun@gmail.com,test12341234,차성수,010-4777-2976,/img/img1.png,member,2024-09-03 00:00:00
baegbyeongceol@daum.net,test12341234,오현숙,010-6169-2958,/img/img1.png,member,2024-03-25 00:00:00
jihuhong@hanmail.net,test12341234,박진우,010-4033-4138,/img/img1.png,member,2024-11-14 00:00:00
jiyeong04@daum.net,test12341234,나서준,010-8933-5530,/img/img1.png,member,2024-08-16 00:00:00
ison@hanmail.net,test12341234,송성진,010-9595-5636,/img/img1.png,member,2024-06-24 00:00:00
tyun@naver.com,test12341234,안윤서,010-4180-5853,/img/img1.png,member,2023-12-31 00:00:00
seonghungo@daum.net,test12341234,이승민,010-6912-3939,/img/img1.png,member,2024-11-11 00:00:00
gimseongsu@gmail.com,test12341234,이상호,010-1231-9751,/img/img1.png,member,2024-12-23 00:00:00
haeun49@daum.net,test12341234,윤정수,010-5494-1745,/img/img1.png,member,2024-08-04 00:00:00
janggyeongsug@naver.com,test12341234,유춘자,010-5786-3068,/img/img1.png,member,2024-05-31 00:00:00
yeongja45@kakao.com,test12341234,조영자,010-2680-1200,/img/img1.png,member,2024-03-20 00:00:00
zgweon@hanmail.net,test12341234,김정훈,010-5658-8690,/img/img1.png,member,2024-11-10 00:00:00
bagmiyeong@kakao.com,test12341234,김지은,010-8216-6582,/img/img1.png,member,2024-01-25 00:00:00
seoyeonggim@daum.net,test12341234,김옥순,010-1841-5136,/img/img1.png,member,2024-11-21 00:00:00
bagmisug@kakao.com,test12341234,박준서,010-2869-2070,/img/img1.png,member,2024-08-01 00:00:00
ieunji@kakao.com,test12341234,김순자,010-9056-2213,/img/img1.png,member,2024-03-19 00:00:00
jeongminsu@hanmail.net,test12341234,이병철,010-1878-3485,/img/img1.png,member,2024-12-22 00:00:00
yunseogu@daum.net,test12341234,손영길,010-5978-2395,/img/img1.png,member,2024-06-06 00:00:00
ri@daum.net,test12341234,윤순자,010-2940-7818,/img/img1.png,member,2024-11-29 00:00:00
hyejini@hanmail.net,test12341234,전지연,010-4697-9561,/img/img1.png,member,2024-10-03 00:00:00
gyeongsug86@kakao.com,test12341234,심정웅,010-8381-8253,/img/img1.png,member,2024-05-21 00:00:00
gimareum@gmail.com,test12341234,손서현,010-8025-6003,/img/img1.png,member,2024-10-18 00:00:00
gimdohyeon@hanmail.net,test12341234,김상현,010-1986-2625,/img/img1.png,member,2024-09-11 00:00:00
gimhyejin@daum.net,test12341234,최은경,010-4457-5335,/img/img1.png,member,2024-11-06 00:00:00
yeongil28@naver.com,test12341234,백은정,010-3573-4929,/img/img1.png,member,2024-06-03 00:00:00
dcoe@daum.net,test12341234,안숙자,010-2229-3564,/img/img1.png,member,2024-08-31 00:00:00
ti@naver.com,test12341234,오준서,010-7693-8381,/img/img1.png,member,2024-03-06 00:00:00
coehyeonjeong@hanmail.net,test12341234,허지혜,010-8699-5771,/img/img1.png,member,2024-07-18 00:00:00
bagjeongsun@naver.com,test12341234,조광수,010-4792-5720,/img/img1.png,member,2024-04-08 00:00:00
gimyunseo@gmail.com,test12341234,성건우,010-8438-2166,/img/img1.png,member,2024-09-11 00:00:00
yeonghyihan@gmail.com,test12341234,윤성수,010-4241-7965,/img/img1.png,member,2024-12-15 00:00:00
misug77@naver.com,test12341234,박지현,010-9922-4683,/img/img1.png,member,2024-11-01 00:00:00
juweoni@daum.net,test12341234,최영자,010-5352-3330,/img/img1.png,member,2024-11-25 00:00:00
seunghyeongim@naver.com,test12341234,권영식,010-1977-3718,/img/img1.png,member,2024-11-13 00:00:00
ubag@gmail.com,test12341234,정병철,010-5728-8195,/img/img1.png,member,2024-02-29 00:00:00
bagjeongja@naver.com,test12341234,권영순,010-8679-5982,/img/img1.png,member,2024-11-07 00:00:00
minjaegim@kakao.com,test12341234,백은지,010-5460-9199,/img/img1.png,member,2024-07-09 00:00:00
gimminji@hanmail.net,test12341234,송정남,010-9090-8172,/img/img1.png,member,2024-01-01 00:00:00
sanghyeongim@naver.com,test12341234,최현준,010-1653-8078,/img/img1.png,member,2024-03-28 00:00:00
jaehoryu@gmail.com,test12341234,윤경희,010-5102-1423,/img/img1.png,member,2024-09-04 00:00:00
ji@naver.com,test12341234,한미경,010-4750-1339,/img/img1.png,member,2024-01-16 00:00:00
vyun@gmail.com,test12341234,손하은,010-1659-3870,/img/img1.png,member,2024-11-23 00:00:00
yeonggilmun@kakao.com,test12341234,유정수,010-9502-8245,/img/img1.png,member,2024-06-27 00:00:00
jiweon90@gmail.com,test12341234,류준서,010-3973-8141,/img/img1.png,member,2024-12-20 00:00:00
iseoyeon@kakao.com,test12341234,장유진,010-2494-8700,/img/img1.png,member,2024-11-14 00:00:00
igweon@gmail.com,test12341234,신성현,010-7690-6460,/img/img1.png,member,2024-10-02 00:00:00
ijeongja@gmail.com,test12341234,곽영숙,010-2713-3634,/img/img1.png,member,2024-08-17 00:00:00
doyun47@gmail.com,test12341234,노시우,010-7744-9117,/img/img1.png,member,2024-03-23 00:00:00
ngim@gmail.com,test12341234,김서준,010-7561-1601,/img/img1.png,member,2024-10-30 00:00:00
oo@kakao.com,test12341234,이동현,010-2442-6153,/img/img1.png,member,2024-10-08 00:00:00
jinho41@gmail.com,test12341234,박영호,010-6296-2899,/img/img1.png,member,2024-01-28 00:00:00
coeeunseo@hanmail.net,test12341234,이도현,010-1018-9889,/img/img1.png,member,2023-12-30 00:00:00
seongmini@kakao.com,test12341234,이승현,010-1888-4073,/img/img1.png,member,2024-02-20 00:00:00
xhwang@hanmail.net,test12341234,박은정,010-6927-9167,/img/img1.png,member,2024-03-30 00:00:00
jinho69@daum.net,test12341234,하상철,010-5375-9998,/img/img1.png,member,2024-04-20 00:00:00
seonghun65@daum.net,test12341234,박은경,010-5719-8178,/img/img1.png,member,2024-10-06 00:00:00
jeongsigi@kakao.com,test12341234,안영순,010-2989-1472,/img/img1.png,member,2024-05-15 00:00:00
tgim@hanmail.net,test12341234,오지우,010-4920-3594,/img/img1.png,member,2024-04-02 00:00:00
bagseonyeong@gmail.com,test12341234,유채원,010-1224-7684,/img/img1.png,member,2024-05-29 00:00:00
yjeong@naver.com,test12341234,박은주,010-4681-2858,/img/img1.png,member,2024-09-23 00:00:00
gimyeongceol@kakao.com,test12341234,강영호,010-2924-3522,/img/img1.png,member,2024-05-11 00:00:00
vju@kakao.com,test12341234,이종수,010-5781-9337,/img/img1.png,member,2024-02-05 00:00:00
jeonghogim@gmail.com,test12341234,차민석,010-7807-8905,/img/img1.png,member,2024-04-18 00:00:00
jeonghuni@kakao.com,test12341234,박시우,010-4993-8483,/img/img1.png,member,2024-07-15 00:00:00
ti@hanmail.net,test12341234,송진우,010-3369-7284,/img/img1.png,member,2024-11-04 00:00:00
misugcoe@daum.net,test12341234,박주원,010-9327-3236,/img/img1.png,member,2024-07-30 00:00:00
seungminyun@naver.com,test12341234,양예원,010-5526-7798,/img/img1.png,member,2024-01-06 00:00:00
ti@gmail.com,test12341234,한주원,010-9318-5377,/img/img1.png,member,2024-03-14 00:00:00
anmijeong@naver.com,test12341234,김정남,010-5634-5891,/img/img1.png,member,2024-04-30 00:00:00
obag@hanmail.net,test12341234,박민준,010-9022-3434,/img/img1.png,member,2024-08-13 00:00:00
jihye91@kakao.com,test12341234,김성훈,010-9824-8935,/img/img1.png,member,2024-02-16 00:00:00
seoyeongi@gmail.com,test12341234,허현숙,010-6446-9903,/img/img1.png,member,2024-08-28 00:00:00
borambag@kakao.com,test12341234,박도윤,010-8460-6272,/img/img1.png,member,2024-03-07 00:00:00
haeun72@daum.net,test12341234,최재호,010-4912-7274,/img/img1.png,member,2024-11-06 00:00:00
aim@daum.net,test12341234,황예진,010-7730-1715,/img/img1.png,member,2024-11-16 00:00:00
coeyeonghwan@gmail.com,test12341234,정지연,010-8749-7246,/img/img1.png,member,2024-11-09 00:00:00
bjeong@kakao.com,test12341234,권수진,010-3492-9115,/img/img1.png,member,2024-10-06 00:00:00
bagjeonghun@naver.com,test12341234,김지원,010-3068-9229,/img/img1.png,member,2024-06-13 00:00:00
eunjicoe@hanmail.net,test12341234,강민지,010-6439-2644,/img/img1.png,member,2024-11-24 00:00:00
eunseosong@kakao.com,test12341234,한성민,010-2633-9617,/img/img1.png,member,2024-08-03 00:00:00
haeun81@kakao.com,test12341234,허혜진,010-1251-3361,/img/img1.png,member,2024-10-12 00:00:00
yeonghyigim@kakao.com,test12341234,이명자,010-3529-2225,/img/img1.png,member,2024-09-27 00:00:00
iogja@kakao.com,test12341234,문지혜,010-5342-6546,/img/img1.png,member,2024-12-23 00:00:00
seohyeonjun@hanmail.net,test12341234,류성진,010-7512-2315,/img/img1.png,member,2024-09-21 00:00:00
seoyeonbag@gmail.com,test12341234,박미정,010-9742-7226,/img/img1.png,member,2024-12-07 00:00:00
jinhogim@gmail.com,test12341234,백춘자,010-8994-9864,/img/img1.png,member,2024-03-13 00:00:00
seonghyeon41@naver.com,test12341234,이지후,010-2121-4846,/img/img1.png,member,2024-05-13 00:00:00
minseoggang@gmail.com,test12341234,김도현,010-4727-2480,/img/img1.png,member,2024-09-22 00:00:00
misugbag@kakao.com,test12341234,박서윤,010-2612-2646,/img/img1.png,member,2024-09-21 00:00:00
seosanghyeon@kakao.com,test12341234,김혜진,010-3725-5906,/img/img1.png,member,2024-05-16 00:00:00
minjaecoe@naver.com,test12341234,허은정,010-1753-6314,/img/img1.png,member,2024-09-03 00:00:00
fgo@naver.com,test12341234,최영미,010-5806-6873,/img/img1.png,member,2024-02-18 00:00:00
sunog38@kakao.com,test12341234,홍중수,010-3385-5000,/img/img1.png,member,2024-08-15 00:00:00
misugbag@hanmail.net,test12341234,김지후,010-7751-3950,/img/img1.png,member,2024-05-26 00:00:00
myeongsuggim@daum.net,test12341234,박현지,010-3868-2293,/img/img1.png,member,2024-08-29 00:00:00
cunja26@hanmail.net,test12341234,장정훈,010-7267-4945,/img/img1.png,member,2024-06-06 00:00:00
gimminjae@kakao.com,test12341234,강예진,010-3344-4804,/img/img1.png,member,2024-03-18 00:00:00
zi@kakao.com,test12341234,강수빈,010-5161-8529,/img/img1.png,member,2024-08-30 00:00:00
minjun32@gmail.com,test12341234,강준영,010-1153-8622,/img/img1.png,member,2024-04-30 00:00:00
ijinu@gmail.com,test12341234,유민석,010-9955-3588,/img/img1.png,member,2024-01-17 00:00:00
iogsun@naver.com,test12341234,오정식,010-8237-6661,/img/img1.png,member,2024-03-03 00:00:00
myeongjai@hanmail.net,test12341234,김영미,010-5901-7951,/img/img1.png,member,2024-10-25 00:00:00
yejin10@gmail.com,test12341234,박상훈,010-8484-5949,/img/img1.png,member,2024-11-03 00:00:00
bagmigyeong@daum.net,test12341234,김민지,010-7302-8916,/img/img1.png,member,2024-07-07 00:00:00
sonyeongsug@naver.com,test12341234,김지혜,010-4886-7248,/img/img1.png,member,2024-03-23 00:00:00
gimgyeongja@hanmail.net,test12341234,남준호,010-6881-5847,/img/img1.png,member,2024-12-17 00:00:00
pgim@gmail.com,test12341234,박지후,010-1359-7484,/img/img1.png,member,2024-12-15 00:00:00
yeongsigbag@gmail.com,test12341234,강영길,010-1132-1803,/img/img1.png,member,2024-05-29 00:00:00
xeom@hanmail.net,test12341234,권서현,010-9138-5689,/img/img1.png,member,2024-10-05 00:00:00
namgwangsu@daum.net,test12341234,한경숙,010-6772-4588,/img/img1.png,member,2024-05-08 00:00:00
geonu64@daum.net,test12341234,김예지,010-5106-3240,/img/img1.png,member,2024-03-14 00:00:00
useongsu@naver.com,test12341234,배영길,010-1645-6061,/img/img1.png,member,2024-01-31 00:00:00
coemigyeong@kakao.com,test12341234,최도윤,010-1546-6977,/img/img1.png,member,2024-11-08 00:00:00
yeongili@daum.net,test12341234,한지민,010-2476-5835,/img/img1.png,member,2024-12-19 00:00:00
hyeonu31@gmail.com,test12341234,최민지,010-7807-3877,/img/img1.png,member,2024-02-16 00:00:00
hyeonui@daum.net,test12341234,황영길,010-3165-9837,/img/img1.png,member,2024-07-21 00:00:00
hi@gmail.com,test12341234,오현우,010-9697-9221,/img/img1.png,member,2024-02-25 00:00:00
rbag@gmail.com,test12341234,최유진,010-3695-5210,/img/img1.png,member,2024-04-05 00:00:00
bageunju@kakao.com,test12341234,류현준,010-5835-6549,/img/img1.png,member,2024-02-11 00:00:00
seunghyeoni@naver.com,test12341234,김은서,010-8673-2233,/img/img1.png,member,2024-08-26 00:00:00
gimminsu@daum.net,test12341234,유시우,010-4696-7511,/img/img1.png,member,2024-06-15 00:00:00
ybag@hanmail.net,test12341234,김병철,010-6992-2479,/img/img1.png,member,2024-06-08 00:00:00
jinho20@kakao.com,test12341234,윤예진,010-1228-5332,/img/img1.png,member,2024-08-22 00:00:00
rgim@hanmail.net,test12341234,윤주원,010-3024-8451,/img/img1.png,member,2024-02-17 00:00:00
sugjasong@gmail.com,test12341234,백영일,010-5295-7242,/img/img1.png,member,2024-05-22 00:00:00
bi@gmail.com,test12341234,배종수,010-2775-4830,/img/img1.png,member,2024-08-13 00:00:00
songgyeongja@kakao.com,test12341234,서지연,010-1410-6374,/img/img1.png,member,2024-10-18 00:00:00
seoyeongna@hanmail.net,test12341234,진보람,010-4626-2035,/img/img1.png,member,2024-05-11 00:00:00
seohyeonsong@kakao.com,test12341234,김정자,010-5951-7689,/img/img1.png,member,2024-05-13 00:00:00
seoyeongim@naver.com,test12341234,박동현,010-3290-1742,/img/img1.png,member,2024-07-23 00:00:00
seonyeonggim@naver.com,test12341234,강준서,010-5986-9071,/img/img1.png,member,2023-12-26 00:00:00
yeeun50@naver.com,test12341234,허지영,010-2592-4846,/img/img1.png,member,2024-02-21 00:00:00
hyeonsug56@hanmail.net,test12341234,이현우,010-3222-7367,/img/img1.png,member,2024-02-03 00:00:00
fan@kakao.com,test12341234,주정수,010-7078-9850,/img/img1.png,member,2024-04-27 00:00:00
yeongsig92@kakao.com,test12341234,한영환,010-3531-7797,/img/img1.png,member,2024-04-23 00:00:00
gimjeongsu@naver.com,test12341234,김예진,010-9017-7686,/img/img1.png,member,2024-03-20 00:00:00
ogja35@gmail.com,test12341234,차지은,010-1536-7070,/img/img1.png,member,2024-02-29 00:00:00
hyeonu43@daum.net,test12341234,손예진,010-8264-8285,/img/img1.png,member,2024-09-20 00:00:00
yi@daum.net,test12341234,문재호,010-6942-2627,/img/img1.png,member,2024-11-11 00:00:00
seonghyeongim@gmail.com,test12341234,손민준,010-9920-6876,/img/img1.png,member,2024-04-18 00:00:00
coejiweon@naver.com,test12341234,강예지,010-7523-5520,/img/img1.png,member,2024-05-05 00:00:00
iareum@daum.net,test12341234,김성진,010-3001-8450,/img/img1.png,member,2024-12-05 00:00:00
jungsucoe@naver.com,test12341234,최준혁,010-4475-1349,/img/img1.png,member,2024-07-22 00:00:00
minseoggim@naver.com,test12341234,박하윤,010-6464-4990,/img/img1.png,member,2024-04-18 00:00:00
sangceol86@daum.net,test12341234,박상현,010-4362-2124,/img/img1.png,member,2024-05-18 00:00:00
seoyeon21@hanmail.net,test12341234,정현우,010-4394-4538,/img/img1.png,member,2024-09-10 00:00:00
minjihong@daum.net,test12341234,임현숙,010-6383-3417,/img/img1.png,member,2024-06-05 00:00:00
gyeongjagim@hanmail.net,test12341234,배지원,010-1046-5542,/img/img1.png,member,2024-01-08 00:00:00
sanghungweon@daum.net,test12341234,송미정,010-3129-9850,/img/img1.png,member,2024-02-28 00:00:00
rgim@gmail.com,test12341234,백지훈,010-3858-2801,/img/img1.png,member,2024-03-13 00:00:00
gimboram@naver.com,test12341234,박하은,010-3159-1243,/img/img1.png,member,2024-04-30 00:00:00
ansujin@gmail.com,test12341234,이민재,010-4898-6304,/img/img1.png,member,2024-10-24 00:00:00
yuseoyeon@naver.com,test12341234,박성현,010-3854-5347,/img/img1.png,member,2024-10-26 00:00:00
pi@naver.com,test12341234,김수민,010-3076-7897,/img/img1.png,member,2024-08-04 00:00:00
subinjang@hanmail.net,test12341234,양정수,010-2862-2041,/img/img1.png,member,2024-01-10 00:00:00
sinjihye@kakao.com,test12341234,안성수,010-8344-6931,/img/img1.png,member,2024-01-02 00:00:00
rgo@hanmail.net,test12341234,이지민,010-2786-8405,/img/img1.png,member,2024-11-27 00:00:00
gimyeonggil@hanmail.net,test12341234,박성호,010-4629-1710,/img/img1.png,member,2024-10-08 00:00:00
bagseonghyeon@hanmail.net,test12341234,허정식,010-5941-8504,/img/img1.png,member,2024-09-26 00:00:00
juweon78@naver.com,test12341234,장서현,010-1996-8847,/img/img1.png,member,2024-08-28 00:00:00
lcoe@kakao.com,test12341234,이지현,010-7984-2768,/img/img1.png,member,2024-08-09 00:00:00
ogja14@kakao.com,test12341234,고종수,010-8267-2204,/img/img1.png,member,2024-05-24 00:00:00
jiminyun@naver.com,test12341234,황경숙,010-6277-3430,/img/img1.png,member,2024-03-15 00:00:00
sunjajo@naver.com,test12341234,송성수,010-3067-5505,/img/img1.png,member,2024-03-21 00:00:00
jihun65@hanmail.net,test12341234,이영진,010-9984-6327,/img/img1.png,member,2024-04-01 00:00:00
acoe@kakao.com,test12341234,홍윤서,010-9692-5831,/img/img1.png,member,2024-09-08 00:00:00
jaeho17@kakao.com,test12341234,윤지혜,010-9282-8048,/img/img1.png,member,2024-05-04 00:00:00
areum43@naver.com,test12341234,조은지,010-2874-4522,/img/img1.png,member,2024-07-13 00:00:00
yejiyun@kakao.com,test12341234,지지은,010-8398-4743,/img/img1.png,member,2024-04-04 00:00:00
yeji38@kakao.com,test12341234,노성호,010-6553-8430,/img/img1.png,member,2024-10-25 00:00:00
jeonghyi82@kakao.com,test12341234,서정웅,010-7815-2557,/img/img1.png,member,2024-02-01 00:00:00
hayunbae@gmail.com,test12341234,손성호,010-7992-6120,/img/img1.png,member,2024-01-29 00:00:00
gyeongsug17@gmail.com,test12341234,최은정,010-7132-3500,/img/img1.png,member,2024-11-26 00:00:00
gson@kakao.com,test12341234,박영순,010-2099-2494,/img/img1.png,member,2024-11-26 00:00:00
seongmingim@naver.com,test12341234,민민서,010-2527-8075,/img/img1.png,member,2024-08-03 00:00:00
eunseobag@naver.com,test12341234,김영길,010-7105-3131,/img/img1.png,member,2024-03-03 00:00:00
yunseogim@hanmail.net,test12341234,황미정,010-1982-6400,/img/img1.png,member,2024-07-03 00:00:00
zgang@naver.com,test12341234,김정숙,010-7730-6793,/img/img1.png,member,2024-06-28 00:00:00
yeongsigyang@kakao.com,test12341234,박성수,010-1842-5712,/img/img1.png,member,2024-02-14 00:00:00
ryujaeho@hanmail.net,test12341234,최순옥,010-6119-6761,/img/img1.png,member,2024-06-20 00:00:00
jeonghobae@naver.com,test12341234,하지훈,010-9313-4485,/img/img1.png,member,2024-10-12 00:00:00
ogim@daum.net,test12341234,오주원,010-8900-4674,/img/img1.png,member,2024-02-14 00:00:00
qyang@naver.com,test12341234,지정남,010-6736-7022,/img/img1.png,member,2024-08-24 00:00:00
gimsanghun@naver.com,test12341234,임건우,010-5564-4705,/img/img1.png,member,2024-05-21 00:00:00
qjang@kakao.com,test12341234,한영자,010-1430-5381,/img/img1.png,member,2024-04-08 00:00:00
bagsubin@naver.com,test12341234,박은영,010-3955-5477,/img/img1.png,member,2024-02-08 00:00:00
jeongsun35@gmail.com,test12341234,심성진,010-6567-6751,/img/img1.png,member,2024-06-02 00:00:00
gimbyeongceol@naver.com,test12341234,박현정,010-3972-3347,/img/img1.png,member,2024-11-14 00:00:00
osanghyeon@hanmail.net,test12341234,민성민,010-7566-2140,/img/img1.png,member,2024-09-01 00:00:00
lgim@daum.net,test12341234,고정남,010-1502-2503,/img/img1.png,member,2024-11-20 00:00:00
jeongsigson@hanmail.net,test12341234,윤지우,010-4524-7163,/img/img1.png,member,2024-04-08 00:00:00
gimyeji@kakao.com,test12341234,최주원,010-8432-6585,/img/img1.png,member,2024-02-04 00:00:00
ygim@daum.net,test12341234,임준영,010-7062-6105,/img/img1.png,member,2024-08-19 00:00:00
gyeonghyibag@gmail.com,test12341234,이성수,010-2391-1861,/img/img1.png,member,2024-06-14 00:00:00
hyeonjujang@daum.net,test12341234,한미숙,010-3579-1815,/img/img1.png,member,2024-07-14 00:00:00
gyeonghyijang@naver.com,test12341234,류중수,010-5458-8259,/img/img1.png,member,2024-05-23 00:00:00
gimcunja@kakao.com,test12341234,이순옥,010-8957-8242,/img/img1.png,member,2024-11-19 00:00:00
minseog38@kakao.com,test12341234,김미경,010-5475-4531,/img/img1.png,member,2024-05-21 00:00:00
jiu83@hanmail.net,test12341234,이준영,010-2864-6655,/img/img1.png,member,2024-09-11 00:00:00
jeonghyii@kakao.com,test12341234,권상현,010-2816-5640,/img/img1.png,member,2024-08-14 00:00:00
jeonghun48@hanmail.net,test12341234,오정웅,010-8972-9633,/img/img1.png,member,2024-05-19 00:00:00
gimseunghyeon@gmail.com,test12341234,강정남,010-1744-4612,/img/img1.png,member,2024-12-21 00:00:00
hwanghyeonu@kakao.com,test12341234,김현숙,010-1897-1125,/img/img1.png,member,2024-08-10 00:00:00
xyu@daum.net,test12341234,서미정,010-5938-4460,/img/img1.png,member,2024-09-19 00:00:00
myun@daum.net,test12341234,김영숙,010-5186-5742,/img/img1.png,member,2024-07-08 00:00:00
hyeonjeong72@gmail.com,test12341234,손옥순,010-2965-1126,/img/img1.png,member,2024-06-03 00:00:00
yeeun83@kakao.com,test12341234,이순자,010-8055-3878,/img/img1.png,member,2024-03-16 00:00:00
hyeonjuyun@daum.net,test12341234,윤정희,010-7229-9725,/img/img1.png,member,2024-07-08 00:00:00
seoyeon99@daum.net,test12341234,신준혁,010-9196-6802,/img/img1.png,member,2024-09-26 00:00:00
jiyeong60@naver.com,test12341234,권민준,010-7505-1693,/img/img1.png,member,2024-02-05 00:00:00
yeongsun20@kakao.com,test12341234,권경수,010-1307-8532,/img/img1.png,member,2024-10-25 00:00:00
rgim@naver.com,test12341234,서윤서,010-6129-8033,/img/img1.png,member,2024-07-31 00:00:00
migyeongan@hanmail.net,test12341234,안정수,010-7626-7843,/img/img1.png,member,2024-04-15 00:00:00
gimyeongceol@gmail.com,test12341234,문지은,010-2887-7636,/img/img1.png,member,2024-11-27 00:00:00
yujin89@naver.com,test12341234,김예원,010-6321-3815,/img/img1.png,member,2024-10-22 00:00:00
gimseonghun@hanmail.net,test12341234,최상훈,010-8538-6928,/img/img1.png,member,2024-02-10 00:00:00
gyeongsug20@naver.com,test12341234,장예지,010-8155-2734,/img/img1.png,member,2024-12-20 00:00:00
minjae58@daum.net,test12341234,안민지,010-8138-7560,/img/img1.png,member,2024-03-06 00:00:00
ogim@hanmail.net,test12341234,이상현,010-2288-7484,/img/img1.png,member,2024-09-08 00:00:00
weom@gmail.com,test12341234,허서현,010-6562-4630,/img/img1.png,member,2023-12-29 00:00:00
jangjeongsu@gmail.com,test12341234,오경수,010-3754-2251,/img/img1.png,member,2024-05-23 00:00:00
misug87@hanmail.net,test12341234,김현우,010-2868-9693,/img/img1.png,member,2024-01-12 00:00:00
gangyeonggil@hanmail.net,test12341234,이지은,010-4176-6724,/img/img1.png,member,2024-10-21 00:00:00
sinseongjin@gmail.com,test12341234,김도윤,010-3419-4871,/img/img1.png,member,2024-09-29 00:00:00
boram93@naver.com,test12341234,강시우,010-3399-5193,/img/img1.png,member,2024-06-01 00:00:00
isanghun@daum.net,test12341234,홍성호,010-3842-3504,/img/img1.png,member,2024-08-31 00:00:00
iyeongsun@naver.com,test12341234,남성훈,010-3902-9095,/img/img1.png,member,2024-01-28 00:00:00
bagmijeong@kakao.com,test12341234,안영철,010-8354-6295,/img/img1.png,member,2024-10-11 00:00:00
jaehoson@gmail.com,test12341234,하영철,010-3473-8205,/img/img1.png,member,2024-09-02 00:00:00
sanghungim@naver.com,test12341234,하수진,010-8682-8245,/img/img1.png,member,2024-05-27 00:00:00
yeonggil82@gmail.com,test12341234,전병철,010-5500-1920,/img/img1.png,member,2024-03-06 00:00:00
yeongsugcoe@gmail.com,test12341234,진유진,010-9312-2215,/img/img1.png,member,2024-11-20 00:00:00
iminjae@gmail.com,test12341234,박순옥,010-8565-8404,/img/img1.png,member,2024-03-11 00:00:00
yeongsuggim@naver.com,test12341234,최준서,010-1932-7041,/img/img1.png,member,2024-08-22 00:00:00
ugim@gmail.com,test12341234,김지민,010-2257-2479,/img/img1.png,member,2024-10-26 00:00:00
wbag@hanmail.net,test12341234,고민서,010-9307-7299,/img/img1.png,member,2024-07-02 00:00:00
yeonghoson@kakao.com,test12341234,최승민,010-1672-8368,/img/img1.png,member,2024-10-03 00:00:00
jieuncoe@hanmail.net,test12341234,박지영,010-4084-6267,/img/img1.png,member,2024-12-07 00:00:00
junhyeog94@hanmail.net,test12341234,임지연,010-8792-9214,/img/img1.png,member,2024-06-23 00:00:00
jinhogim@daum.net,test12341234,허중수,010-2013-8381,/img/img1.png,member,2024-09-07 00:00:00
najeongsig@naver.com,test12341234,최지후,010-6626-2381,/img/img1.png,member,2024-07-15 00:00:00
bagjunseo@hanmail.net,test12341234,류성현,010-3827-1641,/img/img1.png,member,2024-07-13 00:00:00
ason@daum.net,test12341234,오민석,010-8172-8199,/img/img1.png,member,2024-12-02 00:00:00
jihui@hanmail.net,test12341234,박은서,010-9564-3600,/img/img1.png,member,2024-06-30 00:00:00
cgim@gmail.com,test12341234,윤춘자,010-7108-5634,/img/img1.png,member,2024-08-04 00:00:00
hayun37@kakao.com,test12341234,안지은,010-7697-6543,/img/img1.png,member,2024-06-26 00:00:00
sujinbag@hanmail.net,test12341234,유은서,010-1857-6482,/img/img1.png,member,2024-10-02 00:00:00
gimjunyeong@naver.com,test12341234,고영일,010-6401-2548,/img/img1.png,member,2024-01-01 00:00:00
mryu@hanmail.net,test12341234,강광수,010-7333-5655,/img/img1.png,member,2024-03-03 00:00:00
baeeungyeong@hanmail.net,test12341234,이경희,010-3463-6461,/img/img1.png,member,2024-06-10 00:00:00
zgim@naver.com,test12341234,이지원,010-3317-6731,/img/img1.png,member,2024-10-27 00:00:00
iyeongceol@gmail.com,test12341234,이채원,010-7421-3112,/img/img1.png,member,2024-12-13 00:00:00
agim@hanmail.net,test12341234,최미영,010-2388-6072,/img/img1.png,member,2024-10-09 00:00:00
isiu@hanmail.net,test12341234,김재호,010-7171-6381,/img/img1.png,member,2024-06-01 00:00:00
yeongho86@daum.net,test12341234,진영숙,010-9624-2531,/img/img1.png,member,2024-05-16 00:00:00
jihuan@kakao.com,test12341234,이정식,010-9331-6928,/img/img1.png,member,2024-03-04 00:00:00
hyeonuhan@gmail.com,test12341234,이성진,010-6060-3953,/img/img1.png,member,2024-02-02 00:00:00
gimhyeonsug@daum.net,test12341234,김지훈,010-6598-8967,/img/img1.png,member,2024-11-02 00:00:00
qgim@daum.net,test12341234,강옥순,010-4711-3253,/img/img1.png,member,2024-05-18 00:00:00
nojeongsug@daum.net,test12341234,박서현,010-2264-5846,/img/img1.png,member,2024-07-04 00:00:00
yeongsugi@naver.com,test12341234,최지민,010-9317-9843,/img/img1.png,member,2023-12-26 00:00:00
jeonghun43@hanmail.net,test12341234,김옥자,010-1618-6517,/img/img1.png,member,2024-03-10 00:00:00
yeongja69@hanmail.net,test12341234,배채원,010-3147-7172,/img/img1.png,member,2024-10-20 00:00:00
egim@daum.net,test12341234,한수민,010-3658-3962,/img/img1.png,member,2024-08-28 00:00:00
sangceol51@hanmail.net,test12341234,전준영,010-3712-8170,/img/img1.png,member,2024-12-21 00:00:00
seongjin11@naver.com,test12341234,박경숙,010-7731-6968,/img/img1.png,member,2024-09-13 00:00:00
hongjuweon@daum.net,test12341234,양은경,010-8277-5668,/img/img1.png,member,2024-07-04 00:00:00
myeongsug84@kakao.com,test12341234,노경수,010-4833-9749,/img/img1.png,member,2024-03-21 00:00:00
junhyeog27@daum.net,test12341234,문병철,010-6070-8684,/img/img1.png,member,2024-09-22 00:00:00
yeongil79@daum.net,test12341234,이영순,010-7026-8218,/img/img1.png,member,2024-05-16 00:00:00
igim@kakao.com,test12341234,이성훈,010-5616-7256,/img/img1.png,member,2024-09-17 00:00:00
eunjeongseo@hanmail.net,test12341234,이민수,010-9641-7859,/img/img1.png,member,2024-11-02 00:00:00
eunyeong44@daum.net,test12341234,송영수,010-4271-3267,/img/img1.png,member,2024-11-23 00:00:00
bagjeongung@gmail.com,test12341234,남선영,010-1854-8873,/img/img1.png,member,2024-05-13 00:00:00
ijeonghun@gmail.com,test12341234,황성현,010-2680-9452,/img/img1.png,member,2024-08-17 00:00:00
chwang@naver.com,test12341234,박현주,010-5670-2374,/img/img1.png,member,2024-05-21 00:00:00
sunognam@daum.net,test12341234,오은영,010-5469-8361,/img/img1.png,member,2024-08-27 00:00:00
ci@hanmail.net,test12341234,차영순,010-3414-8167,/img/img1.png,member,2024-10-11 00:00:00
jimingim@naver.com,test12341234,서정호,010-4637-8391,/img/img1.png,member,2024-09-08 00:00:00
seonghogim@gmail.com,test12341234,최경자,010-1436-7797,/img/img1.png,member,2024-12-23 00:00:00
fbag@naver.com,test12341234,김정호,010-7495-9224,/img/img1.png,member,2024-04-05 00:00:00
igang@gmail.com,test12341234,김성현,010-4862-7326,/img/img1.png,member,2024-11-15 00:00:00
jia78@naver.com,test12341234,최재현,010-7142-4678,/img/img1.png,member,2024-07-26 00:00:00
obag@naver.com,test12341234,김수빈,010-6221-2623,/img/img1.png,member,2024-04-24 00:00:00
immyeongsug@gmail.com,test12341234,이성민,010-3392-3254,/img/img1.png,member,2024-04-20 00:00:00
eunjeongcoe@naver.com,test12341234,윤지은,010-5700-8740,/img/img1.png,member,2024-06-02 00:00:00
yeonghoi@daum.net,test12341234,백지원,010-8685-8349,/img/img1.png,member,2024-07-13 00:00:00
ujin84@hanmail.net,test12341234,강수민,010-1086-2298,/img/img1.png,member,2024-03-08 00:00:00
bgim@naver.com,test12341234,김현지,010-5193-4533,/img/img1.png,member,2024-01-14 00:00:00
yeonghwan70@daum.net,test12341234,안현준,010-9991-9647,/img/img1.png,member,2024-01-30 00:00:00
chan@kakao.com,test12341234,곽명숙,010-2821-5720,/img/img1.png,member,2024-01-26 00:00:00
jiweongim@gmail.com,test12341234,우정웅,010-2996-1782,/img/img1.png,member,2024-11-11 00:00:00
chwang@daum.net,test12341234,장상철,010-7878-8489,/img/img1.png,member,2024-10-07 00:00:00
tjang@naver.com,test12341234,김은주,010-2816-9189,/img/img1.png,member,2024-02-25 00:00:00
jongsugim@hanmail.net,test12341234,황상호,010-9782-1269,/img/img1.png,member,2024-03-19 00:00:00
ngim@hanmail.net,test12341234,권명숙,010-4963-3352,/img/img1.png,member,2024-12-21 00:00:00
sunog81@gmail.com,test12341234,나주원,010-8032-1025,/img/img1.png,member,2024-07-02 00:00:00
eunju73@hanmail.net,test12341234,오상훈,010-6780-4941,/img/img1.png,member,2024-09-18 00:00:00
bagjinu@hanmail.net,test12341234,서서준,010-7825-4068,/img/img1.png,member,2024-07-23 00:00:00
minjaegim@naver.com,test12341234,이서연,010-9576-6908,/img/img1.png,member,2024-11-08 00:00:00
gangjuweon@naver.com,test12341234,김정순,010-9618-9914,/img/img1.png,member,2024-03-27 00:00:00
subini@hanmail.net,test12341234,전은지,010-9316-1333,/img/img1.png,member,2024-04-29 00:00:00
donghyeon39@kakao.com,test12341234,허재호,010-8702-1713,/img/img1.png,member,2024-01-22 00:00:00
bagsunog@kakao.com,test12341234,손지은,010-7116-5155,/img/img1.png,member,2024-07-29 00:00:00
ryuyeonghwan@naver.com,test12341234,강병철,010-6850-2106,/img/img1.png,member,2024-10-06 00:00:00
xsin@gmail.com,test12341234,박순자,010-4950-2698,/img/img1.png,member,2024-08-05 00:00:00
minji55@hanmail.net,test12341234,류순옥,010-6447-3185,/img/img1.png,member,2024-10-17 00:00:00
jongsu77@gmail.com,test12341234,나은서,010-9945-6546,/img/img1.png,member,2023-12-26 00:00:00
hyejini@daum.net,test12341234,류하은,010-8612-8840,/img/img1.png,member,2024-03-21 00:00:00
sangceolbag@daum.net,test12341234,박영식,010-3209-2033,/img/img1.png,member,2024-02-17 00:00:00
coejaeho@kakao.com,test12341234,김명숙,010-1605-5807,/img/img1.png,member,2024-11-03 00:00:00
jeonghun66@daum.net,test12341234,신지혜,010-1717-4268,/img/img1.png,member,2024-11-27 00:00:00
gangsugja@naver.com,test12341234,한민재,010-6170-6080,/img/img1.png,member,2024-04-22 00:00:00
wu@hanmail.net,test12341234,박종수,010-7524-9897,/img/img1.png,member,2024-08-05 00:00:00
yunseobag@kakao.com,test12341234,최영호,010-5150-1599,/img/img1.png,member,2024-07-02 00:00:00
yeongjini@daum.net,test12341234,윤종수,010-5687-6848,/img/img1.png,member,2024-04-29 00:00:00
hyeonjigang@naver.com,test12341234,김준서,010-6438-5476,/img/img1.png,member,2024-08-24 00:00:00
yeongsungim@naver.com,test12341234,서상호,010-7029-8159,/img/img1.png,member,2024-11-21 00:00:00
jiyeonryu@kakao.com,test12341234,서민수,010-8204-7334,/img/img1.png,member,2024-05-07 00:00:00
ijieun@gmail.com,test12341234,이예은,010-4060-9129,/img/img1.png,member,2024-01-11 00:00:00
gimareum@kakao.com,test12341234,양성훈,010-7018-9507,/img/img1.png,member,2024-11-20 00:00:00
tbag@gmail.com,test12341234,문영진,010-2353-7955,/img/img1.png,member,2024-12-11 00:00:00
siuju@naver.com,test12341234,김하은,010-8055-3956,/img/img1.png,member,2024-12-19 00:00:00
jeongung62@hanmail.net,test12341234,이수진,010-5813-6262,/img/img1.png,member,2024-05-08 00:00:00
eunji46@naver.com,test12341234,김정웅,010-2311-6372,/img/img1.png,member,2024-07-28 00:00:00
jihucoe@gmail.com,test12341234,문숙자,010-6021-8305,/img/img1.png,member,2024-04-25 00:00:00
jinubaeg@hanmail.net,test12341234,허숙자,010-7981-3730,/img/img1.png,member,2024-09-05 00:00:00
gimjeongja@kakao.com,test12341234,윤지민,010-6759-8325,/img/img1.png,member,2024-10-03 00:00:00
eunseogim@naver.com,test12341234,김서현,010-6776-8126,/img/img1.png,member,2024-01-05 00:00:00
iyeongja@gmail.com,test12341234,조정희,010-1939-2229,/img/img1.png,member,2024-02-16 00:00:00
seungmin67@kakao.com,test12341234,김승민,010-6952-9406,/img/img1.png,member,2024-02-17 00:00:00
yuhayun@daum.net,test12341234,곽시우,010-1510-3339,/img/img1.png,member,2024-10-09 00:00:00
dim@hanmail.net,test12341234,최옥자,010-8179-1570,/img/img1.png,member,2024-06-09 00:00:00
baghyeonu@daum.net,test12341234,최옥순,010-2101-4866,/img/img1.png,member,2024-11-30 00:00:00
gimjinho@gmail.com,test12341234,박영자,010-6933-7272,/img/img1.png,member,2024-10-21 00:00:00
hanjieun@hanmail.net,test12341234,양미경,010-1530-3513,/img/img1.png,member,2024-11-12 00:00:00
yeongja21@kakao.com,test12341234,강미경,010-7077-7095,/img/img1.png,member,2024-02-08 00:00:00
gseo@kakao.com,test12341234,최은지,010-2259-3255,/img/img1.png,member,2024-02-26 00:00:00
seonghyeongim@hanmail.net,test12341234,강민석,010-7012-7521,/img/img1.png,member,2024-01-14 00:00:00
hyeonsuggim@gmail.com,test12341234,고영철,010-5566-5089,/img/img1.png,member,2023-12-30 00:00:00
jomyeongsug@naver.com,test12341234,박영희,010-1424-4048,/img/img1.png,member,2024-08-10 00:00:00
gimminji@kakao.com,test12341234,류명숙,010-9482-7340,/img/img1.png,member,2024-08-26 00:00:00
minseogi@hanmail.net,test12341234,한은경,010-2929-5288,/img/img1.png,member,2024-11-21 00:00:00
hyeonsuggweon@gmail.com,test12341234,황성진,010-8311-4515,/img/img1.png,member,2024-12-21 00:00:00
wryu@hanmail.net,test12341234,이미정,010-5678-9047,/img/img1.png,member,2024-11-17 00:00:00
jeongsig68@daum.net,test12341234,박미경,010-3009-3223,/img/img1.png,member,2024-09-21 00:00:00
jihun54@naver.com,test12341234,구경숙,010-8406-3828,/img/img1.png,member,2024-08-05 00:00:00
bageunjeong@kakao.com,test12341234,강승현,010-2438-6236,/img/img1.png,member,2024-11-19 00:00:00
iboram@gmail.com,test12341234,이예진,010-2063-9882,/img/img1.png,member,2024-03-17 00:00:00
yunseo15@gmail.com,test12341234,강경자,010-5914-3580,/img/img1.png,member,2024-05-27 00:00:00
seunghyeonjeon@daum.net,test12341234,안은주,010-6922-9335,/img/img1.png,member,2024-06-29 00:00:00
hyeonjun60@naver.com,test12341234,장윤서,010-4292-3275,/img/img1.png,member,2024-04-20 00:00:00
gimyeongsun@daum.net,test12341234,이은서,010-9094-1430,/img/img1.png,member,2024-01-20 00:00:00
yeweon50@gmail.com,test12341234,양성호,010-7044-8657,/img/img1.png,member,2024-06-03 00:00:00
yeongsu42@hanmail.net,test12341234,황하은,010-3126-2412,/img/img1.png,member,2024-05-19 00:00:00
zbag@naver.com,test12341234,문준영,010-6067-7523,/img/img1.png,member,2024-12-11 00:00:00
siugim@kakao.com,test12341234,김숙자,010-9612-7730,/img/img1.png,member,2024-09-28 00:00:00
imseohyeon@kakao.com,test12341234,손성수,010-2208-3053,/img/img1.png,member,2024-05-03 00:00:00
ujinbag@gmail.com,test12341234,강영일,010-2215-8372,/img/img1.png,member,2024-09-11 00:00:00
minseocoe@kakao.com,test12341234,송은경,010-9476-6644,/img/img1.png,member,2024-02-18 00:00:00
minjaegang@daum.net,test12341234,김예준,010-3981-3114,/img/img1.png,member,2024-07-22 00:00:00
tgang@kakao.com,test12341234,권준서,010-9238-1907,/img/img1.png,member,2024-11-07 00:00:00
uyujin@naver.com,test12341234,송지훈,010-9488-3507,/img/img1.png,member,2024-08-02 00:00:00
tgim@gmail.com,test12341234,고우진,010-3697-3653,/img/img1.png,member,2024-09-01 00:00:00
junhyeog55@gmail.com,test12341234,김종수,010-4694-6669,/img/img1.png,member,2024-07-02 00:00:00
migyeongi@hanmail.net,test12341234,박예준,010-5653-2292,/img/img1.png,member,2024-10-30 00:00:00
sujincoe@gmail.com,test12341234,나영호,010-4216-5496,/img/img1.png,member,2024-05-23 00:00:00
minseo32@daum.net,test12341234,남영환,010-5961-9740,/img/img1.png,member,2024-09-11 00:00:00
mgim@naver.com,test12341234,류보람,010-9234-3762,/img/img1.png,member,2024-04-30 00:00:00
ggim@hanmail.net,test12341234,김서윤,010-3526-3804,/img/img1.png,member,2024-11-06 00:00:00
jiubae@hanmail.net,test12341234,장성수,010-6531-1674,/img/img1.png,member,2024-11-04 00:00:00
jihye65@naver.com,test12341234,민승민,010-2330-1744,/img/img1.png,member,2024-08-08 00:00:00
jimingim@hanmail.net,test12341234,최현우,010-5336-4453,/img/img1.png,member,2024-01-15 00:00:00
gojia@hanmail.net,test12341234,박서연,010-7825-1496,/img/img1.png,member,2024-06-10 00:00:00
xhong@kakao.com,test12341234,문민수,010-9938-5745,/img/img1.png,member,2024-02-23 00:00:00
gimgyeongsu@gmail.com,test12341234,윤승현,010-8912-5012,/img/img1.png,member,2024-12-03 00:00:00
sson@kakao.com,test12341234,박아름,010-5873-8430,/img/img1.png,member,2024-12-21 00:00:00
jihungim@naver.com,test12341234,오수민,010-1981-3589,/img/img1.png,member,2024-11-18 00:00:00
dohyeon09@kakao.com,test12341234,최진호,010-7809-8933,/img/img1.png,member,2024-09-24 00:00:00
gimyejin@kakao.com,test12341234,임유진,010-4342-6573,/img/img1.png,member,2024-06-23 00:00:00
subin58@hanmail.net,test12341234,강영환,010-3353-6121,/img/img1.png,member,2024-06-25 00:00:00
yunjaehyeon@gmail.com,test12341234,안상훈,010-6658-7532,/img/img1.png,member,2024-08-24 00:00:00
yejun40@daum.net,test12341234,백지아,010-7070-9437,/img/img1.png,member,2024-02-07 00:00:00
li@hanmail.net,test12341234,심민재,010-2739-6228,/img/img1.png,member,2024-10-24 00:00:00
agweon@daum.net,test12341234,서민지,010-8642-3007,/img/img1.png,member,2024-03-27 00:00:00
minseog41@gmail.com,test12341234,박영수,010-8366-5061,/img/img1.png,member,2024-02-29 00:00:00
junseohan@daum.net,test12341234,문건우,010-2586-1829,/img/img1.png,member,2024-04-05 00:00:00
ui@gmail.com,test12341234,홍우진,010-7293-7850,/img/img1.png,member,2024-09-16 00:00:00
jeongung41@daum.net,test12341234,장종수,010-3616-6364,/img/img1.png,member,2024-09-05 00:00:00
yeongsun25@hanmail.net,test12341234,류경숙,010-6123-4110,/img/img1.png,member,2023-12-30 00:00:00
bagyeongsun@daum.net,test12341234,성도현,010-9163-9433,/img/img1.png,member,2024-03-20 00:00:00
junseogweon@kakao.com,test12341234,이재호,010-9171-6055,/img/img1.png,member,2024-08-01 00:00:00
yunjihye@kakao.com,test12341234,곽상훈,010-1379-2475,/img/img1.png,member,2024-10-19 00:00:00
fgim@hanmail.net,test12341234,송명자,010-8491-4944,/img/img1.png,member,2024-02-19 00:00:00
geonugwag@daum.net,test12341234,심아름,010-6781-1797,/img/img1.png,member,2024-02-11 00:00:00
junho15@naver.com,test12341234,윤보람,010-5609-9108,/img/img1.png,member,2024-11-21 00:00:00
juareum@hanmail.net,test12341234,손시우,010-8710-5681,/img/img1.png,member,2024-09-21 00:00:00
seongmingim@hanmail.net,test12341234,이주원,010-1133-2761,/img/img1.png,member,2024-08-12 00:00:00
myeongja70@kakao.com,test12341234,안광수,010-3194-5333,/img/img1.png,member,2024-05-05 00:00:00
ino@kakao.com,test12341234,유경희,010-6995-1741,/img/img1.png,member,2024-10-08 00:00:00
myeongsuggim@kakao.com,test12341234,윤건우,010-1838-4189,/img/img1.png,member,2024-01-12 00:00:00
baejeongsug@gmail.com,test12341234,전명자,010-5728-2204,/img/img1.png,member,2024-06-20 00:00:00
gimseohyeon@kakao.com,test12341234,서영순,010-9261-8378,/img/img1.png,member,2024-03-20 00:00:00
guseoyeong@hanmail.net,test12341234,안지연,010-5582-2946,/img/img1.png,member,2024-04-28 00:00:00
jeongunggim@daum.net,test12341234,한영철,010-2584-7453,/img/img1.png,member,2024-10-15 00:00:00
lgim@gmail.com,test12341234,손영자,010-6555-6990,/img/img1.png,member,2024-02-15 00:00:00
nhan@daum.net,test12341234,한예준,010-4261-9341,/img/img1.png,member,2024-08-30 00:00:00
fgang@kakao.com,test12341234,임현주,010-9193-1659,/img/img1.png,member,2024-11-10 00:00:00
kbag@naver.com,test12341234,윤서준,010-1637-3245,/img/img1.png,member,2024-12-18 00:00:00
gimyeongil@kakao.com,test12341234,손도현,010-3440-9446,/img/img1.png,member,2024-08-12 00:00:00
bgim@daum.net,test12341234,오재현,010-6373-6218,/img/img1.png,member,2024-03-18 00:00:00
siu20@daum.net,test12341234,조지우,010-7438-5902,/img/img1.png,member,2024-08-02 00:00:00
seoyeongcoe@hanmail.net,test12341234,박영길,010-6511-9311,/img/img1.png,member,2024-01-28 00:00:00
seoogsun@hanmail.net,test12341234,김은경,010-9721-9025,/img/img1.png,member,2024-03-31 00:00:00
idonghyeon@hanmail.net,test12341234,안준서,010-5911-8780,/img/img1.png,member,2024-10-05 00:00:00
hanjungsu@gmail.com,test12341234,김현준,010-6427-2795,/img/img1.png,member,2024-02-15 00:00:00
bagjaeho@kakao.com,test12341234,신경자,010-6040-1436,/img/img1.png,member,2024-06-21 00:00:00
ibag@hanmail.net,test12341234,문재현,010-8775-5350,/img/img1.png,member,2024-05-31 00:00:00
gominjae@hanmail.net,test12341234,강은경,010-4728-1841,/img/img1.png,member,2024-05-03 00:00:00
eunyeonggim@hanmail.net,test12341234,한윤서,010-8871-3793,/img/img1.png,member,2024-10-06 00:00:00
seongmini@hanmail.net,test12341234,서지아,010-7229-3421,/img/img1.png,member,2024-02-08 00:00:00
yujingweon@daum.net,test12341234,이영길,010-1517-2800,/img/img1.png,member,2024-05-10 00:00:00
bagmijeong@daum.net,test12341234,송현정,010-1310-8225,/img/img1.png,member,2024-12-09 00:00:00
gimjiyeong@gmail.com,test12341234,남예은,010-7861-3481,/img/img1.png,member,2024-01-26 00:00:00
pbag@kakao.com,test12341234,장영진,010-4340-7723,/img/img1.png,member,2024-04-17 00:00:00
kbag@hanmail.net,test12341234,김선영,010-8726-2020,/img/img1.png,member,2024-12-08 00:00:00
si@daum.net,test12341234,홍정자,010-9498-4397,/img/img1.png,member,2024-02-21 00:00:00
jinhoi@gmail.com,test12341234,장현지,010-8837-9609,/img/img1.png,member,2024-07-31 00:00:00
sanghun06@gmail.com,test12341234,서현우,010-3837-8531,/img/img1.png,member,2024-10-19 00:00:00
sunja47@hanmail.net,test12341234,최민서,010-6608-9950,/img/img1.png,member,2024-10-13 00:00:00
ibae@gmail.com,test12341234,황서연,010-8932-4150,/img/img1.png,member,2024-07-26 00:00:00
bagjinho@daum.net,test12341234,이예지,010-5571-5890,/img/img1.png,member,2024-01-28 00:00:00
baegjongsu@daum.net,test12341234,이영미,010-5876-5735,/img/img1.png,member,2024-09-29 00:00:00
jeongho47@daum.net,test12341234,손정호,010-9011-6194,/img/img1.png,member,2024-01-29 00:00:00
ssong@kakao.com,test12341234,배지민,010-6714-5480,/img/img1.png,member,2024-11-02 00:00:00
gimjaeho@naver.com,test12341234,성정훈,010-9899-7220,/img/img1.png,member,2024-05-04 00:00:00
gimsunog@kakao.com,test12341234,김지현,010-6654-3399,/img/img1.png,member,2024-06-03 00:00:00
boram04@gmail.com,test12341234,서상현,010-1689-5712,/img/img1.png,member,2024-04-22 00:00:00
qgim@gmail.com,test12341234,백재호,010-8247-5201,/img/img1.png,member,2024-06-05 00:00:00
gimyejun@kakao.com,test12341234,최윤서,010-4505-4310,/img/img1.png,member,2024-08-14 00:00:00
sujin71@hanmail.net,test12341234,이명숙,010-5442-5450,/img/img1.png,member,2024-07-12 00:00:00
jihu50@daum.net,test12341234,심옥순,010-2789-4920,/img/img1.png,member,2024-04-17 00:00:00
yunseocoe@daum.net,test12341234,곽지현,010-1831-9700,/img/img1.png,member,2024-07-24 00:00:00
ijihyeon@daum.net,test12341234,이서영,010-4814-1860,/img/img1.png,member,2024-11-08 00:00:00
iyunseo@naver.com,test12341234,최성현,010-7771-6411,/img/img1.png,member,2024-01-25 00:00:00
migyeonggim@kakao.com,test12341234,배영철,010-2647-3252,/img/img1.png,member,2024-10-17 00:00:00
yujihye@naver.com,test12341234,최시우,010-3587-7666,/img/img1.png,member,2024-06-27 00:00:00
gimjeonghun@kakao.com,test12341234,권정식,010-8822-4267,/img/img1.png,member,2024-06-07 00:00:00
gimmyeongsug@gmail.com,test12341234,서정수,010-6262-5676,/img/img1.png,member,2024-04-14 00:00:00
agim@naver.com,test12341234,고지후,010-2465-4804,/img/img1.png,member,2024-11-22 00:00:00
xsim@hanmail.net,test12341234,박미숙,010-1611-3868,/img/img1.png,member,2023-12-30 00:00:00
rbag@kakao.com,test12341234,이예준,010-3880-1595,/img/img1.png,member,2024-02-10 00:00:00
seojiu@kakao.com,test12341234,이서현,010-9116-4052,/img/img1.png,member,2024-01-20 00:00:00
ro@gmail.com,test12341234,황민석,010-1613-1151,/img/img1.png,member,2024-10-18 00:00:00
myeongsug32@gmail.com,test12341234,류예진,010-2758-6489,/img/img1.png,member,2024-02-02 00:00:00
ujunyeong@gmail.com,test12341234,강동현,010-8444-9901,/img/img1.png,member,2024-04-30 00:00:00
jangmisug@hanmail.net,test12341234,이영식,010-9092-3198,/img/img1.png,member,2024-10-28 00:00:00
minseo88@hanmail.net,test12341234,이지훈,010-8668-5470,/img/img1.png,member,2024-10-17 00:00:00
ybag@daum.net,test12341234,손민지,010-2845-6417,/img/img1.png,member,2024-06-21 00:00:00
tgim@daum.net,test12341234,최예지,010-8518-5215,/img/img1.png,member,2024-07-02 00:00:00
kbag@daum.net,test12341234,박현우,010-1230-6523,/img/img1.png,member,2024-01-16 00:00:00
yunseo45@gmail.com,test12341234,최지연,010-4164-3875,/img/img1.png,member,2024-01-05 00:00:00
junyeong65@hanmail.net,test12341234,장상호,010-7643-8007,/img/img1.png,member,2024-06-02 00:00:00
seohyeon14@hanmail.net,test12341234,박광수,010-6372-2421,/img/img1.png,member,2024-05-05 00:00:00
hanseohyeon@naver.com,test12341234,한상철,010-4027-3303,/img/img1.png,member,2024-05-20 00:00:00
seongho45@gmail.com,test12341234,홍주원,010-5064-1111,/img/img1.png,member,2024-03-13 00:00:00
ujingim@gmail.com,test12341234,강현주,010-7284-4858,/img/img1.png,member,2024-05-30 00:00:00
coeyejun@kakao.com,test12341234,류영일,010-5374-6400,/img/img1.png,member,2024-11-01 00:00:00
jinu85@gmail.com,test12341234,문은경,010-1187-5285,/img/img1.png,member,2024-06-03 00:00:00
areumryu@gmail.com,test12341234,류재호,010-4871-2017,/img/img1.png,member,2024-04-08 00:00:00
yeongja36@naver.com,test12341234,박현준,010-8625-6026,/img/img1.png,member,2024-02-08 00:00:00
cyun@daum.net,test12341234,오종수,010-7642-9233,/img/img1.png,member,2024-02-25 00:00:00
gobyeongceol@gmail.com,test12341234,배영순,010-2923-5833,/img/img1.png,member,2024-04-19 00:00:00
yeongsug16@gmail.com,test12341234,신상호,010-4618-4590,/img/img1.png,member,2024-11-17 00:00:00
hyeonjeongbag@kakao.com,test12341234,이영자,010-3509-8454,/img/img1.png,member,2024-11-25 00:00:00
hyeonsugyang@hanmail.net,test12341234,백경희,010-7121-7813,/img/img1.png,member,2024-05-14 00:00:00
haneunyeong@hanmail.net,test12341234,이현주,010-8714-9806,/img/img1.png,member,2024-04-02 00:00:00
jieun18@daum.net,test12341234,허수진,010-5054-2341,/img/img1.png,member,2024-11-23 00:00:00
jaehyeongo@hanmail.net,test12341234,이준서,010-8319-9653,/img/img1.png,member,2024-12-15 00:00:00
ran@gmail.com,test12341234,박지민,010-2279-2838,/img/img1.png,member,2024-11-09 00:00:00
yeeun12@naver.com,test12341234,서예원,010-9972-9281,/img/img1.png,member,2024-04-05 00:00:00
gweonsunog@daum.net,test12341234,윤미정,010-9792-3455,/img/img1.png,member,2024-08-26 00:00:00
uan@daum.net,test12341234,전영호,010-6375-9525,/img/img1.png,member,2024-06-28 00:00:00
hajihye@kakao.com,test12341234,백현지,010-2904-4365,/img/img1.png,member,2024-08-19 00:00:00
yeonghogo@hanmail.net,test12341234,조민서,010-9008-2489,/img/img1.png,member,2024-05-29 00:00:00
seongho91@hanmail.net,test12341234,황현숙,010-8298-1911,/img/img1.png,member,2024-09-30 00:00:00
hayunsong@daum.net,test12341234,김준영,010-9409-7806,/img/img1.png,member,2024-04-15 00:00:00
jihui@kakao.com,test12341234,한정수,010-1945-8575,/img/img1.png,member,2024-01-06 00:00:00
vo@gmail.com,test12341234,최광수,010-1356-7487,/img/img1.png,member,2024-04-03 00:00:00
gyeongsugi@gmail.com,test12341234,송정희,010-1049-4570,/img/img1.png,member,2024-12-24 00:00:00
gimmigyeong@hanmail.net,test12341234,장미정,010-2196-1742,/img/img1.png,member,2024-04-21 00:00:00
coeyeongho@kakao.com,test12341234,양미정,010-6644-2044,/img/img1.png,member,2024-07-04 00:00:00
yeweon62@hanmail.net,test12341234,구영식,010-1987-2130,/img/img1.png,member,2024-02-09 00:00:00
ogja64@kakao.com,test12341234,남옥순,010-1519-5703,/img/img1.png,member,2024-08-20 00:00:00
uson@kakao.com,test12341234,안명숙,010-3948-3218,/img/img1.png,member,2024-07-03 00:00:00
minseoggim@kakao.com,test12341234,박민석,010-7135-7266,/img/img1.png,member,2024-04-05 00:00:00
hbag@kakao.com,test12341234,전정호,010-7154-2314,/img/img1.png,member,2024-11-26 00:00:00
seoyeon93@hanmail.net,test12341234,황정남,010-3178-6697,/img/img1.png,member,2023-12-27 00:00:00
doyun16@naver.com,test12341234,박정식,010-3924-9802,/img/img1.png,member,2024-08-11 00:00:00
ui@daum.net,test12341234,최서영,010-4648-1056,/img/img1.png,member,2024-12-12 00:00:00
songujin@naver.com,test12341234,곽성훈,010-5888-8585,/img/img1.png,member,2024-10-09 00:00:00
pgim@hanmail.net,test12341234,윤진호,010-7948-9715,/img/img1.png,member,2024-01-29 00:00:00
sanghunbag@kakao.com,test12341234,장준영,010-4762-5055,/img/img1.png,member,2024-10-06 00:00:00
myeongsugson@kakao.com,test12341234,이지연,010-6671-3541,/img/img1.png,member,2024-04-08 00:00:00
subin66@gmail.com,test12341234,우정숙,010-4088-2848,/img/img1.png,member,2024-01-10 00:00:00
caeweonbag@naver.com,test12341234,박도현,010-7868-1256,/img/img1.png,member,2024-07-16 00:00:00
ii@daum.net,test12341234,최하은,010-4376-2102,/img/img1.png,member,2024-12-10 00:00:00
bagjungsu@naver.com,test12341234,송아름,010-1550-8314,/img/img1.png,member,2024-09-07 00:00:00
hwanggyeongsu@hanmail.net,test12341234,안준혁,010-1797-5009,/img/img1.png,member,2024-09-07 00:00:00
gimjiyeong@naver.com,test12341234,조채원,010-7590-8191,/img/img1.png,member,2024-04-25 00:00:00
igwangsu@daum.net,test12341234,윤영길,010-9843-4559,/img/img1.png,member,2024-02-09 00:00:00
vmun@naver.com,test12341234,강현우,010-3295-9255,/img/img1.png,member,2024-10-02 00:00:00
yeongja64@gmail.com,test12341234,김상호,010-4836-6224,/img/img1.png,member,2024-02-12 00:00:00
byeongceolhwang@hanmail.net,test12341234,류성훈,010-6253-4881,/img/img1.png,member,2024-06-27 00:00:00
geonu66@gmail.com,test12341234,서혜진,010-3347-9540,/img/img1.png,member,2024-10-07 00:00:00
baggyeonghyi@daum.net,test12341234,장지은,010-7775-5923,/img/img1.png,member,2024-10-02 00:00:00
dgim@gmail.com,test12341234,이도윤,010-1998-3869,/img/img1.png,member,2024-01-02 00:00:00
hson@kakao.com,test12341234,오진호,010-9120-1768,/img/img1.png,member,2024-08-23 00:00:00
eunjeong29@gmail.com,test12341234,노예진,010-7244-9592,/img/img1.png,member,2024-04-13 00:00:00
yeonggilgim@gmail.com,test12341234,이민지,010-7821-7688,/img/img1.png,member,2024-05-13 00:00:00
songjeongung@daum.net,test12341234,최영식,010-5913-7167,/img/img1.png,member,2024-08-21 00:00:00
eunseo08@daum.net,test12341234,한영일,010-9813-8758,/img/img1.png,member,2024-12-08 00:00:00
hancaeweon@daum.net,test12341234,홍민석,010-4692-5927,/img/img1.png,member,2024-10-31 00:00:00
hwangsumin@daum.net,test12341234,박민지,010-8586-1944,/img/img1.png,member,2024-11-09 00:00:00
munjihyeon@hanmail.net,test12341234,박영일,010-7761-7824,/img/img1.png,member,2024-10-03 00:00:00
gimjuweon@hanmail.net,test12341234,권성호,010-9683-3196,/img/img1.png,member,2024-02-11 00:00:00
seongjingweon@kakao.com,test12341234,송승현,010-4978-5177,/img/img1.png,member,2024-10-26 00:00:00
hbae@daum.net,test12341234,박명자,010-6411-2295,/img/img1.png,member,2024-05-14 00:00:00
jeongsu26@kakao.com,test12341234,장은주,010-7079-2514,/img/img1.png,member,2024-05-26 00:00:00
guhyeonju@hanmail.net,test12341234,최수진,010-4120-1844,/img/img1.png,member,2024-11-30 00:00:00
jihyeon04@gmail.com,test12341234,한예원,010-7179-1647,/img/img1.png,member,2024-08-19 00:00:00
jiugang@naver.com,test12341234,황춘자,010-4082-4555,/img/img1.png,member,2024-09-04 00:00:00
gimjeongung@kakao.com,test12341234,안예준,010-4422-6455,/img/img1.png,member,2024-09-30 00:00:00
jeongsuni@gmail.com,test12341234,김수진,010-1251-4470,/img/img1.png,member,2024-07-09 00:00:00
baghyeonju@daum.net,test12341234,손은정,010-2922-8846,/img/img1.png,member,2024-08-07 00:00:00
jeonghuni@daum.net,test12341234,오옥순,010-4350-7498,/img/img1.png,member,2024-08-04 00:00:00
sanghyeonbag@daum.net,test12341234,박민서,010-6269-5637,/img/img1.png,member,2024-11-09 00:00:00
fryu@kakao.com,test12341234,황채원,010-8639-9743,/img/img1.png,member,2024-01-19 00:00:00
cyun@gmail.com,test12341234,서영자,010-6053-5285,/img/img1.png,member,2024-12-21 00:00:00
seongsugim@gmail.com,test12341234,한준호,010-9401-9147,/img/img1.png,member,2024-06-20 00:00:00
hanhyeonjun@kakao.com,test12341234,최지훈,010-2615-8692,/img/img1.png,member,2024-10-10 00:00:00
jojungsu@gmail.com,test12341234,김민서,010-4328-7073,/img/img1.png,member,2024-05-17 00:00:00
jaeho54@gmail.com,test12341234,심성수,010-7781-1749,/img/img1.png,member,2024-07-01 00:00:00
yeongsu70@hanmail.net,test12341234,최하윤,010-4625-3390,/img/img1.png,member,2024-07-25 00:00:00
ubag@naver.com,test12341234,박예원,010-5272-7841,/img/img1.png,member,2024-02-15 00:00:00
jjang@gmail.com,test12341234,강우진,010-3497-4214,/img/img1.png,member,2024-04-30 00:00:00
zgim@gmail.com,test12341234,장시우,010-4768-7223,/img/img1.png,member,2024-07-23 00:00:00
sunja20@hanmail.net,test12341234,오윤서,010-5026-9180,/img/img1.png,member,2024-08-26 00:00:00
yunbyeongceol@hanmail.net,test12341234,심병철,010-6530-5216,/img/img1.png,member,2024-07-23 00:00:00
isiu@kakao.com,test12341234,고성수,010-9037-8550,/img/img1.png,member,2024-11-15 00:00:00
sangceol18@daum.net,test12341234,이민준,010-6770-3773,/img/img1.png,member,2024-04-14 00:00:00
seonghun04@daum.net,test12341234,류민석,010-9954-9000,/img/img1.png,member,2024-02-02 00:00:00
yeongilcoe@daum.net,test12341234,홍영일,010-9882-1962,/img/img1.png,member,2024-07-04 00:00:00
junseomin@hanmail.net,test12341234,차윤서,010-1554-2217,/img/img1.png,member,2024-07-21 00:00:00
gimgyeongsug@naver.com,test12341234,엄지현,010-1104-7756,/img/img1.png,member,2024-04-16 00:00:00
seoyunbag@daum.net,test12341234,성숙자,010-4791-2113,/img/img1.png,member,2024-02-26 00:00:00
sugja74@daum.net,test12341234,이예원,010-1149-4583,/img/img1.png,member,2024-09-08 00:00:00
gyeongsu20@hanmail.net,test12341234,김민준,010-8471-7114,/img/img1.png,member,2024-06-28 00:00:00
igweon@naver.com,test12341234,윤유진,010-8916-8993,/img/img1.png,member,2024-10-26 00:00:00
wjang@naver.com,test12341234,나미정,010-1108-9719,/img/img1.png,member,2024-11-11 00:00:00
cunja70@hanmail.net,test12341234,오상호,010-7739-1194,/img/img1.png,member,2024-10-09 00:00:00
cju@naver.com,test12341234,한서영,010-9673-5501,/img/img1.png,member,2024-07-04 00:00:00
hyeonjiyun@hanmail.net,test12341234,서정남,010-5697-1280,/img/img1.png,member,2024-11-27 00:00:00
minsugim@hanmail.net,test12341234,최상현,010-8054-3937,/img/img1.png,member,2024-02-13 00:00:00
seunghyeon08@naver.com,test12341234,양경숙,010-2578-9591,/img/img1.png,member,2024-04-02 00:00:00
pyun@daum.net,test12341234,장영수,010-4948-4144,/img/img1.png,member,2024-11-21 00:00:00
misug03@hanmail.net,test12341234,이중수,010-9625-5135,/img/img1.png,member,2024-04-11 00:00:00
jinyeongsig@gmail.com,test12341234,허서연,010-5379-7502,/img/img1.png,member,2024-06-07 00:00:00
jeongnam10@naver.com,test12341234,안진우,010-7112-7652,/img/img1.png,member,2024-06-10 00:00:00
ogweon@kakao.com,test12341234,우지훈,010-4984-4700,/img/img1.png,member,2024-08-06 00:00:00
si@gmail.com,test12341234,허시우,010-2320-1519,/img/img1.png,member,2024-10-24 00:00:00
sumin61@naver.com,test12341234,박승현,010-7640-7213,/img/img1.png,member,2024-09-14 00:00:00
icunja@kakao.com,test12341234,오예준,010-8798-1919,/img/img1.png,member,2024-06-19 00:00:00
jieungim@naver.com,test12341234,박우진,010-3807-2354,/img/img1.png,member,2024-04-03 00:00:00
yeongjinan@kakao.com,test12341234,장명숙,010-8109-6427,/img/img1.png,member,2024-02-13 00:00:00
iseunghyeon@hanmail.net,test12341234,안순자,010-2562-9653,/img/img1.png,member,2024-08-30 00:00:00
dhan@naver.com,test12341234,강상호,010-4764-4463,/img/img1.png,member,2024-09-19 00:00:00
eunju63@hanmail.net,test12341234,김경숙,010-8790-5441,/img/img1.png,member,2024-03-06 00:00:00
doyun12@naver.com,test12341234,최정훈,010-2218-5593,/img/img1.png,member,2024-06-14 00:00:00
usiu@hanmail.net,test12341234,김은지,010-1539-3938,/img/img1.png,member,2024-03-02 00:00:00
iyeonggil@gmail.com,test12341234,한숙자,010-1256-4394,/img/img1.png,member,2024-03-28 00:00:00
pgu@hanmail.net,test12341234,손서영,010-3362-7525,/img/img1.png,member,2024-10-17 00:00:00
aneunyeong@naver.com,test12341234,오영진,010-5903-3661,/img/img1.png,member,2024-01-20 00:00:00
fo@hanmail.net,test12341234,김하윤,010-4939-7375,/img/img1.png,member,2024-04-08 00:00:00
zmun@hanmail.net,test12341234,배성민,010-6435-7288,/img/img1.png,member,2024-04-22 00:00:00
ancaeweon@daum.net,test12341234,장수민,010-2284-9204,/img/img1.png,member,2024-02-10 00:00:00
hyejingweon@gmail.com,test12341234,박옥순,010-1879-2600,/img/img1.png,member,2024-07-23 00:00:00
do@kakao.com,test12341234,홍시우,010-4803-2245,/img/img1.png,member,2024-10-28 00:00:00
iseoyeong@hanmail.net,test12341234,이지영,010-7499-6347,/img/img1.png,member,2024-04-22 00:00:00
jeongsig09@naver.com,test12341234,구현준,010-5478-8381,/img/img1.png,member,2024-12-18 00:00:00
ngu@kakao.com,test12341234,한영식,010-4737-6829,/img/img1.png,member,2024-01-19 00:00:00
siubaeg@hanmail.net,test12341234,백성훈,010-7150-8075,/img/img1.png,member,2024-04-14 00:00:00
gimjihu@daum.net,test12341234,배상철,010-7227-2404,/img/img1.png,member,2024-01-21 00:00:00
jeongnamryu@hanmail.net,test12341234,최성수,010-5839-5037,/img/img1.png,member,2024-06-27 00:00:00
myeongjaim@naver.com,test12341234,송영진,010-2344-5390,/img/img1.png,member,2024-03-13 00:00:00
ijiyeong@kakao.com,test12341234,오수진,010-3527-7383,/img/img1.png,member,2024-05-08 00:00:00
jihugim@gmail.com,test12341234,손민재,010-6909-2745,/img/img1.png,member,2024-10-05 00:00:00
yeongmi13@naver.com,test12341234,최혜진,010-1085-6050,/img/img1.png,member,2024-06-02 00:00:00
gweonmigyeong@kakao.com,test12341234,허성진,010-6896-5419,/img/img1.png,member,2024-06-02 00:00:00
ebag@naver.com,test12341234,오영희,010-3170-2430,/img/img1.png,member,2024-07-25 00:00:00
kryu@daum.net,test12341234,김성민,010-8061-8353,/img/img1.png,member,2024-11-15 00:00:00
qgim@hanmail.net,test12341234,손옥자,010-9395-7685,/img/img1.png,member,2024-09-14 00:00:00
ohan@naver.com,test12341234,장미숙,010-1430-2468,/img/img1.png,member,2024-08-30 00:00:00
jinho90@gmail.com,test12341234,김현주,010-2524-6315,/img/img1.png,member,2024-10-20 00:00:00
anjeongsun@kakao.com,test12341234,최병철,010-1202-5781,/img/img1.png,member,2024-10-02 00:00:00
cunjai@kakao.com,test12341234,진정식,010-7353-2387,/img/img1.png,member,2024-02-10 00:00:00
yeongceolgim@hanmail.net,test12341234,이은주,010-4977-9537,/img/img1.png,member,2024-08-27 00:00:00
hyeonju71@daum.net,test12341234,김은정,010-7237-3777,/img/img1.png,member,2024-01-01 00:00:00
iogsun@daum.net,test12341234,이재현,010-5405-5933,/img/img1.png,member,2024-08-22 00:00:00
jihyecoe@gmail.com,test12341234,김지우,010-9079-3390,/img/img1.png,member,2024-10-08 00:00:00
syun@naver.com,test12341234,백정숙,010-3739-8121,/img/img1.png,member,2024-03-23 00:00:00
eunjeonghan@gmail.com,test12341234,박보람,010-7899-5911,/img/img1.png,member,2024-08-18 00:00:00
gimmyeongsug@kakao.com,test12341234,최준영,010-2260-6916,/img/img1.png,member,2024-01-15 00:00:00
yeongilgim@gmail.com,test12341234,안경자,010-5040-9123,/img/img1.png,member,2024-06-24 00:00:00
fi@hanmail.net,test12341234,최보람,010-4203-8501,/img/img1.png,member,2024-08-13 00:00:00
dbag@naver.com,test12341234,문정웅,010-3219-5991,/img/img1.png,member,2024-05-19 00:00:00
myeongsug66@naver.com,test12341234,손현준,010-7483-6443,/img/img1.png,member,2024-05-18 00:00:00
iseoyeon@hanmail.net,test12341234,한은지,010-7224-6399,/img/img1.png,member,2024-10-17 00:00:00
pseo@kakao.com,test12341234,노민서,010-6484-8055,/img/img1.png,member,2024-01-08 00:00:00
seonyeonggwag@hanmail.net,test12341234,한현우,010-3230-5922,/img/img1.png,member,2023-12-30 00:00:00
bagseungmin@gmail.com,test12341234,윤영미,010-4290-8848,/img/img1.png,member,2024-02-28 00:00:00
yejin11@gmail.com,test12341234,남영숙,010-3910-7524,/img/img1.png,member,2024-08-04 00:00:00
geonu27@gmail.com,test12341234,한영진,010-5775-9044,/img/img1.png,member,2024-02-01 00:00:00
yejin22@hanmail.net,test12341234,이성현,010-4971-6339,/img/img1.png,member,2024-03-07 00:00:00
gyeongjajang@kakao.com,test12341234,권건우,010-5592-7437,/img/img1.png,member,2023-12-29 00:00:00
gimmiyeong@gmail.com,test12341234,민지연,010-2865-4273,/img/img1.png,member,2024-05-19 00:00:00
vbag@hanmail.net,test12341234,장성현,010-9939-3947,/img/img1.png,member,2024-06-09 00:00:00
eunji56@hanmail.net,test12341234,손민서,010-1440-8563,/img/img1.png,member,2024-08-19 00:00:00
munyejun@daum.net,test12341234,이은정,010-8183-5773,/img/img1.png,member,2024-10-12 00:00:00
minhaeun@kakao.com,test12341234,서주원,010-9180-3280,/img/img1.png,member,2024-01-01 00:00:00
jihun71@gmail.com,test12341234,최지혜,010-4965-5139,/img/img1.png,member,2024-05-23 00:00:00
gimeunjeong@daum.net,test12341234,최채원,010-7932-7176,/img/img1.png,member,2024-11-13 00:00:00
jiweongwag@naver.com,test12341234,장현정,010-8357-8851,/img/img1.png,member,2024-09-08 00:00:00
jangjihye@hanmail.net,test12341234,안성진,010-7566-9755,/img/img1.png,member,2024-10-02 00:00:00
caeweonhwang@hanmail.net,test12341234,이정희,010-7853-9907,/img/img1.png,member,2024-01-20 00:00:00
yyun@naver.com,test12341234,서성수,010-6890-9796,/img/img1.png,member,2024-11-22 00:00:00
jeonghyigu@hanmail.net,test12341234,조서윤,010-2392-2791,/img/img1.png,member,2024-10-20 00:00:00
eunjii@gmail.com,test12341234,홍지은,010-3725-1725,/img/img1.png,member,2024-07-07 00:00:00
coejeongnam@hanmail.net,test12341234,홍영환,010-7547-6432,/img/img1.png,member,2024-02-11 00:00:00
myeongsughan@kakao.com,test12341234,서준서,010-2735-1172,/img/img1.png,member,2024-01-17 00:00:00
yueungyeong@naver.com,test12341234,나재호,010-5239-4637,/img/img1.png,member,2024-10-03 00:00:00
hyeonjicoe@hanmail.net,test12341234,진지연,010-9499-4621,/img/img1.png,member,2024-06-07 00:00:00
ugim@kakao.com,test12341234,송지혜,010-7129-7408,/img/img1.png,member,2024-04-13 00:00:00
hyeonjun29@kakao.com,test12341234,신정호,010-9199-3469,/img/img1.png,member,2024-06-14 00:00:00
ijimin@gmail.com,test12341234,고영미,010-1402-8909,/img/img1.png,member,2024-09-14 00:00:00
kjang@naver.com,test12341234,박성진,010-5840-7815,/img/img1.png,member,2024-02-01 00:00:00
oju@naver.com,test12341234,최민준,010-2901-3321,/img/img1.png,member,2024-05-30 00:00:00
yhwang@gmail.com,test12341234,백서윤,010-6110-6620,/img/img1.png,member,2024-09-06 00:00:00
junyeongeom@daum.net,test12341234,문옥자,010-9537-8912,/img/img1.png,member,2024-06-11 00:00:00
bsong@gmail.com,test12341234,안옥자,010-8801-2599,/img/img1.png,member,2024-07-28 00:00:00
bagseoyun@kakao.com,test12341234,배보람,010-8412-6225,/img/img1.png,member,2024-11-08 00:00:00
geonubag@naver.com,test12341234,배수진,010-5919-1732,/img/img1.png,member,2024-02-11 00:00:00
fgim@naver.com,test12341234,민순자,010-1370-6620,/img/img1.png,member,2024-04-25 00:00:00
yeongjajang@naver.com,test12341234,강재호,010-3692-4996,/img/img1.png,member,2024-03-27 00:00:00
seoyeon89@hanmail.net,test12341234,차상호,010-3858-3623,/img/img1.png,member,2024-06-05 00:00:00
seojun18@gmail.com,test12341234,곽종수,010-7985-8570,/img/img1.png,member,2024-01-20 00:00:00
gimyejin@daum.net,test12341234,박옥자,010-7636-4022,/img/img1.png,member,2024-08-10 00:00:00
minji91@daum.net,test12341234,권병철,010-8080-7481,/img/img1.png,member,2024-03-01 00:00:00
ibag@naver.com,test12341234,오은지,010-4232-8365,/img/img1.png,member,2023-12-29 00:00:00
junseoseo@hanmail.net,test12341234,우정자,010-8037-7370,/img/img1.png,member,2024-12-16 00:00:00
yeongsuni@naver.com,test12341234,곽영진,010-4519-4371,/img/img1.png,member,2024-03-06 00:00:00
jaehogo@gmail.com,test12341234,홍은주,010-2025-2667,/img/img1.png,member,2024-05-31 00:00:00
seohayun@hanmail.net,test12341234,서영호,010-4063-6993,/img/img1.png,member,2024-08-05 00:00:00
asong@gmail.com,test12341234,서예지,010-4228-8496,/img/img1.png,member,2024-09-13 00:00:00
isubin@naver.com,test12341234,한지아,010-5298-9019,/img/img1.png,member,2023-12-28 00:00:00
hyejinjang@hanmail.net,test12341234,조현주,010-6134-7367,/img/img1.png,member,2024-09-16 00:00:00
seonghuni@hanmail.net,test12341234,주성진,010-7431-2871,/img/img1.png,member,2024-07-12 00:00:00
jeongsungo@gmail.com,test12341234,최서윤,010-6766-8501,/img/img1.png,member,2024-04-16 00:00:00
caeweon80@hanmail.net,test12341234,이아름,010-3826-5873,/img/img1.png,member,2024-12-06 00:00:00
iyeji@hanmail.net,test12341234,손영철,010-2388-3194,/img/img1.png,member,2024-05-11 00:00:00
sangho77@gmail.com,test12341234,장상훈,010-2931-4908,/img/img1.png,member,2024-02-18 00:00:00
fbag@gmail.com,test12341234,권종수,010-2916-3999,/img/img1.png,member,2024-09-28 00:00:00
vbag@gmail.com,test12341234,서영희,010-3316-9369,/img/img1.png,member,2024-02-15 00:00:00
ujin16@kakao.com,test12341234,문혜진,010-7852-3258,/img/img1.png,member,2024-08-21 00:00:00
yeongmii@hanmail.net,test12341234,이옥자,010-7286-7931,/img/img1.png,member,2024-09-25 00:00:00
yeongsui@daum.net,test12341234,노정식,010-8973-9804,/img/img1.png,member,2024-07-11 00:00:00
jeongsugim@daum.net,test12341234,신상철,010-3733-9022,/img/img1.png,member,2023-12-26 00:00:00
mi@gmail.com,test12341234,하성호,010-3298-4065,/img/img1.png,member,2024-06-10 00:00:00
sangho08@gmail.com,test12341234,송정호,010-8389-1878,/img/img1.png,member,2024-05-02 00:00:00
yeongil43@gmail.com,test12341234,류서연,010-1157-8939,/img/img1.png,member,2024-05-23 00:00:00
eyu@daum.net,test12341234,오현준,010-4196-7290,/img/img1.png,member,2024-08-22 00:00:00
mijeonggim@hanmail.net,test12341234,오중수,010-9281-9109,/img/img1.png,member,2024-03-09 00:00:00
jiweon71@kakao.com,test12341234,박진호,010-9056-7809,/img/img1.png,member,2024-01-21 00:00:00
donghyeon90@kakao.com,test12341234,우민지,010-3740-2354,/img/img1.png,member,2024-03-08 00:00:00
ycoe@hanmail.net,test12341234,한중수,010-1505-4613,/img/img1.png,member,2024-08-17 00:00:00
jaeho34@naver.com,test12341234,남수민,010-5503-4683,/img/img1.png,member,2024-04-08 00:00:00
yunyeongceol@hanmail.net,test12341234,윤재현,010-5729-3755,/img/img1.png,member,2024-07-20 00:00:00
jeongsig84@kakao.com,test12341234,강성진,010-9115-9369,/img/img1.png,member,2024-02-15 00:00:00
ganggyeongsu@naver.com,test12341234,윤준호,010-2871-5389,/img/img1.png,member,2024-03-20 00:00:00
oyeongja@hanmail.net,test12341234,강유진,010-7010-9880,/img/img1.png,member,2024-04-03 00:00:00
ogim@kakao.com,test12341234,류정순,010-9951-4580,/img/img1.png,member,2024-10-03 00:00:00
zbaeg@naver.com,test12341234,서지원,010-5055-5877,/img/img1.png,member,2024-10-02 00:00:00
igwangsu@naver.com,test12341234,심미정,010-8368-5305,/img/img1.png,member,2024-10-17 00:00:00
icunja@gmail.com,test12341234,류지혜,010-2425-8193,/img/img1.png,member,2023-12-31 00:00:00
gimgyeonghyi@naver.com,test12341234,이영일,010-4882-4438,/img/img1.png,member,2024-12-06 00:00:00
jihungim@gmail.com,test12341234,류미영,010-8015-3719,/img/img1.png,member,2024-04-15 00:00:00
hyeonjigim@hanmail.net,test12341234,안채원,010-3281-4385,/img/img1.png,member,2024-05-12 00:00:00
eunseogim@daum.net,test12341234,안현우,010-1972-6747,/img/img1.png,member,2024-05-25 00:00:00
gimjihun@hanmail.net,test12341234,우예준,010-5605-9827,/img/img1.png,member,2024-04-12 00:00:00
seongmin36@daum.net,test12341234,최정수,010-6302-5794,/img/img1.png,member,2024-07-26 00:00:00
yeweongim@gmail.com,test12341234,허명숙,010-5380-9428,/img/img1.png,member,2024-03-13 00:00:00
jongsu24@naver.com,test12341234,최현숙,010-3221-7743,/img/img1.png,member,2024-02-19 00:00:00
ogim@naver.com,test12341234,차정식,010-5543-3078,/img/img1.png,member,2024-10-11 00:00:00
sseo@daum.net,test12341234,김영환,010-5090-3396,/img/img1.png,member,2024-05-18 00:00:00
khong@gmail.com,test12341234,송민서,010-5055-7434,/img/img1.png,member,2024-02-21 00:00:00
gyeongsuggim@kakao.com,test12341234,이서윤,010-3329-5402,/img/img1.png,member,2024-09-22 00:00:00
yeonghwangim@kakao.com,test12341234,류현우,010-7146-8405,/img/img1.png,member,2024-02-12 00:00:00
ryugyeongsug@naver.com,test12341234,류민지,010-2525-7600,/img/img1.png,member,2024-09-04 00:00:00
sunja34@hanmail.net,test12341234,조준혁,010-5558-7046,/img/img1.png,member,2024-02-04 00:00:00
gimseonghyeon@kakao.com,test12341234,민영식,010-8996-6362,/img/img1.png,member,2024-01-20 00:00:00
ihayun@hanmail.net,test12341234,성예진,010-1040-2526,/img/img1.png,member,2024-05-12 00:00:00
ogja52@kakao.com,test12341234,송민재,010-6869-2037,/img/img1.png,member,2024-09-13 00:00:00
seongjinbag@kakao.com,test12341234,지미숙,010-4568-8039,/img/img1.png,member,2024-01-31 00:00:00
gimjiyeon@daum.net,test12341234,황미경,010-9105-5399,/img/img1.png,member,2024-11-26 00:00:00
bagseongho@gmail.com,test12341234,오영길,010-5646-6533,/img/img1.png,member,2024-02-26 00:00:00
wgu@hanmail.net,test12341234,노현지,010-3139-8951,/img/img1.png,member,2024-09-03 00:00:00
sgim@gmail.com,test12341234,허미정,010-1793-1752,/img/img1.png,member,2024-06-01 00:00:00
misug95@naver.com,test12341234,박수민,010-8529-1266,/img/img1.png,member,2024-01-27 00:00:00
gangsunog@naver.com,test12341234,류건우,010-3588-8230,/img/img1.png,member,2024-10-28 00:00:00
iseonghyeon@kakao.com,test12341234,박재현,010-1011-8009,/img/img1.png,member,2024-11-21 00:00:00
heojihye@daum.net,test12341234,박영철,010-5945-3604,/img/img1.png,member,2024-03-12 00:00:00
mineungyeong@naver.com,test12341234,안현지,010-6905-5102,/img/img1.png,member,2024-12-23 00:00:00
minseogmun@naver.com,test12341234,윤도현,010-7092-3711,/img/img1.png,member,2024-06-07 00:00:00
iminjun@naver.com,test12341234,류동현,010-7493-6005,/img/img1.png,member,2024-06-18 00:00:00
wi@daum.net,test12341234,노영수,010-8032-2494,/img/img1.png,member,2024-02-27 00:00:00
hyeonsugi@naver.com,test12341234,서지민,010-1017-4496,/img/img1.png,member,2024-08-03 00:00:00
gyeongsu72@kakao.com,test12341234,안정남,010-2276-3174,/img/img1.png,member,2024-11-25 00:00:00
miyeong07@hanmail.net,test12341234,주동현,010-4705-9510,/img/img1.png,member,2024-08-28 00:00:00
ogjagim@kakao.com,test12341234,우성진,010-1152-1132,/img/img1.png,member,2024-07-25 00:00:00
hyeonjuni@gmail.com,test12341234,심하윤,010-2975-7919,/img/img1.png,member,2024-08-13 00:00:00
jieunju@daum.net,test12341234,강영순,010-8826-2160,/img/img1.png,member,2024-01-29 00:00:00
ngweon@daum.net,test12341234,고서영,010-7276-2463,/img/img1.png,member,2024-02-02 00:00:00
hcoe@naver.com,test12341234,서경숙,010-2690-6133,/img/img1.png,member,2024-11-22 00:00:00
eunseo84@gmail.com,test12341234,장경숙,010-5902-3246,/img/img1.png,member,2024-12-01 00:00:00
bgim@kakao.com,test12341234,윤준영,010-3181-3340,/img/img1.png,member,2024-10-28 00:00:00
gangeunseo@naver.com,test12341234,허미경,010-3688-8210,/img/img1.png,member,2024-12-15 00:00:00
xgang@daum.net,test12341234,황은지,010-3480-7745,/img/img1.png,member,2024-03-07 00:00:00
byeongceol20@hanmail.net,test12341234,강예원,010-8248-4559,/img/img1.png,member,2024-08-06 00:00:00
seonghungim@naver.com,test12341234,조경희,010-2646-3293,/img/img1.png,member,2024-09-07 00:00:00
hyejin79@naver.com,test12341234,조영철,010-7291-6759,/img/img1.png,member,2024-07-25 00:00:00
yeongsui@kakao.com,test12341234,신영식,010-6152-3290,/img/img1.png,member,2024-01-06 00:00:00
qyu@daum.net,test12341234,손수빈,010-5537-2380,/img/img1.png,member,2024-03-11 00:00:00
seongho37@hanmail.net,test12341234,최서준,010-5668-1439,/img/img1.png,member,2024-12-02 00:00:00
sujin96@gmail.com,test12341234,윤현주,010-4366-9482,/img/img1.png,member,2024-03-12 00:00:00
junho12@hanmail.net,test12341234,최영숙,010-9348-4090,/img/img1.png,member,2024-06-09 00:00:00
miyeonggim@kakao.com,test12341234,양지혜,010-5842-1894,/img/img1.png,member,2024-09-29 00:00:00
coesunja@daum.net,test12341234,송상철,010-9108-7322,/img/img1.png,member,2024-10-14 00:00:00
songmyeongja@naver.com,test12341234,이경자,010-4949-9185,/img/img1.png,member,2024-06-06 00:00:00
zgim@hanmail.net,test12341234,황영식,010-2163-9655,/img/img1.png,member,2024-10-01 00:00:00
iyeonghyi@naver.com,test12341234,주미영,010-6916-6185,/img/img1.png,member,2024-07-04 00:00:00
cunja10@daum.net,test12341234,오서윤,010-7337-7895,/img/img1.png,member,2024-01-13 00:00:00
gimjieun@gmail.com,test12341234,진현숙,010-9951-3830,/img/img1.png,member,2024-11-06 00:00:00
gimeunseo@kakao.com,test12341234,송수민,010-2195-1273,/img/img1.png,member,2024-01-13 00:00:00
jihyecoe@hanmail.net,test12341234,배은주,010-2106-1225,/img/img1.png,member,2024-02-13 00:00:00
bagyeongjin@gmail.com,test12341234,윤준혁,010-4534-1652,/img/img1.png,member,2024-09-07 00:00:00
gimmyeongsug@naver.com,test12341234,김미정,010-7520-9300,/img/img1.png,member,2023-12-31 00:00:00
junyeong79@gmail.com,test12341234,이준호,010-9209-7806,/img/img1.png,member,2024-03-13 00:00:00
gimjiyeong@kakao.com,test12341234,손병철,010-7590-2350,/img/img1.png,member,2024-02-06 00:00:00
bagmijeong@hanmail.net,test12341234,이시우,010-9808-3501,/img/img1.png,member,2024-04-07 00:00:00
minseog45@gmail.com,test12341234,강정웅,010-2369-6077,/img/img1.png,member,2024-01-14 00:00:00
oi@naver.com,test12341234,서미숙,010-9377-4329,/img/img1.png,member,2024-11-10 00:00:00
jeongsugim@hanmail.net,test12341234,최현지,010-6353-7401,/img/img1.png,member,2024-05-02 00:00:00
bagyeongjin@hanmail.net,test12341234,손지영,010-2083-6081,/img/img1.png,member,2024-01-12 00:00:00
rgim@kakao.com,test12341234,지성호,010-4909-1948,/img/img1.png,member,2024-10-03 00:00:00
gimogsun@daum.net,test12341234,정하은,010-2412-8118,/img/img1.png,member,2024-05-13 00:00:00
yeonghwanjang@naver.com,test12341234,노수민,010-8428-1901,/img/img1.png,member,2024-05-25 00:00:00
dohyeonbag@gmail.com,test12341234,장수진,010-3877-2956,/img/img1.png,member,2024-11-13 00:00:00
minsu40@naver.com,test12341234,허성민,010-3248-1185,/img/img1.png,member,2024-01-10 00:00:00
